place_id,name,lat,lon,osm_tag,osm_type,category,cuisine,street,housenumber,website,opening_hours,district,n_texts,share_pos,share_neg,mean_score,net_sentiment,net_sentiment_shrunk,confidence
node/15209248,The Better Half,50.8256025,-0.1751866,amenity,pub,nightlife,,Hove Place,1,,,seafront,27,0.37037037037037035,0.25925925925925924,0.111232907683761,0.1111111111111111,0.12202070285316632,0.84375
node/24343327,Queen Victoria Statue,50.8246296,-0.1692588,tourism,artwork,culture,,,,,,seafront,33,0.48484848484848486,0.24242424242424243,0.27262248414935486,0.24242424242424243,0.23433322345529795,0.868421052631579
node/26944712,Rose Garden,50.8393318,-0.1728485,leisure,garden,outdoor,,,,,,hove,7,0.42857142857142855,0.5714285714285714,-0.14321998187473842,-0.14285714285714285,-0.007944792391556479,0.5833333333333334
node/26944730,Goldstone,50.8394657,-0.1737027,tourism,attraction,culture,,,,,,hove,8,0.625,0.125,0.26046851277351374,0.5,0.37728173010010174,0.6153846153846154
node/87342618,Cineworld,50.8126894,-0.1059658,amenity,cinema,culture,,,,https://www.cineworld.co.uk/cinemas/brighton/014,,seafront,35,0.42857142857142855,0.34285714285714286,0.090376045022692,0.08571428571428569,0.09761656228253304,0.875
node/90615655,The Meeting Place,50.8222182,-0.1569902,amenity,cafe,cafe,ice_cream;breakfast;burger;sandwich;salad,Kings Esplanade,,https://www.themeetingplacecafe.co.uk/,,seafront,29,0.3793103448275862,0.27586206896551724,-0.01970514346813335,0.10344827586206895,0.11484301445003887,0.8529411764705882
node/90615738,Fortune of War,50.8203555,-0.1445745,amenity,pub,nightlife,,,,https://www.fortuneofwar.pub/,,the_lanes,3,0.0,0.0,-0.32516862948735553,0.0,0.11308281141266528,0.375
node/90615739,Brighton Fishing Museum,50.8199494,-0.1420448,tourism,museum,culture,,,,https://www.fishingquarter.co.uk/fishing-museum,Mo-Su 10:00-18:15,the_lanes,3,0.3333333333333333,0.0,-0.17093394200007117,0.3333333333333333,0.2380828114126653,0.375
node/274720211,Royal Standard,50.8276954,-0.1418191,amenity,pub,nightlife,,Queen's Road,59,,,north_laine,4,0.5,0.0,0.47492364048957825,0.5,0.32274027681125805,0.4444444444444444
node/282413494,Chamuyo,50.8214376,-0.1430114,amenity,restaurant,food,,Middle Street,62,,,the_lanes,4,0.0,0.75,-0.9966230094432831,-0.75,-0.23281527874429753,0.4444444444444444
node/306592092,Prince Albert,50.8284867,-0.1406336,amenity,pub,nightlife,,Trafalgar Street,48,https://princealbertbrighton.co.uk/,,north_laine,8,0.75,0.125,0.7485541701316833,0.625,0.45420480702317867,0.6153846153846154
node/306593273,The Earth and Stars,50.8248296,-0.1421594,amenity,pub,nightlife,,Windsor Street,46,https://www.earthandstars.pub/,,north_laine,6,0.3333333333333333,0.16666666666666666,0.33225442965825397,0.16666666666666666,0.17315113557284748,0.5454545454545454
node/306593798,Lord Nelson,50.828306,-0.1390474,amenity,pub,nightlife,,Trafalgar Street,36,https://lordnelsonbrighton.co.uk/,"Mo-Th 11:00-23:00; Fr,Sa 11:00-23:30; Su 12:00-22:00",north_laine,6,0.3333333333333333,0.0,0.6118664741516113,0.3333333333333333,0.2640602264819384,0.5454545454545454
node/306593875,Great Eastern,50.8280398,-0.1359969,amenity,pub,nightlife,,Trafalgar Street,103,https://www.greatukpubs.co.uk/the-great-eastern-brighton,,north_laine,9,0.4444444444444444,0.2222222222222222,0.33294281032350326,0.2222222222222222,0.20747589223580873,0.6428571428571429
node/306593910,Prince George,50.8279027,-0.1361847,amenity,pub,nightlife,,Trafalgar Street,5,http://www.princegeorge.pub/,,north_laine,5,0.6,0.2,0.2119101405143738,0.39999999999999997,0.2904662491301322,0.5
node/308766290,The Eddy,50.8276448,-0.1434626,amenity,pub,nightlife,,Upper Gloucester Road,67A,,,north_laine,9,0.4444444444444444,0.2222222222222222,-0.042326251665751116,0.2222222222222222,0.20747589223580873,0.6428571428571429
node/416681995,Odeon,50.8212693,-0.145397,amenity,cinema,culture,,West Street,,https://www.odeon.co.uk/cinemas/brighton/,,the_lanes,7,0.5714285714285714,0.2857142857142857,0.14364995275224965,0.2857142857142857,0.24205520760844354,0.5833333333333334
node/416683903,The Bright Helm,50.8223525,-0.144318,amenity,pub,nightlife,,West Street,20A-22,https://www.jdwetherspoon.com/pubs/all-pubs/england/east-sussex/the-bright-helm-brighton,,the_lanes,5,0.4,0.2,-0.1856311202049255,0.2,0.19046624913013224,0.5
node/419697922,Queen's Head,50.8282634,-0.1415712,amenity,pub,nightlife,,Queen's Road,69-70,,,north_laine,4,0.25,0.75,-0.49938294291496277,-0.5,-0.12170416763318641,0.4444444444444444
node/485265904,Caffè Nero,50.8276382,-0.1688348,amenity,cafe,cafe,coffee_shop,Church Road,89A,https://www.caffenero.com/uk/stores/hove-church-rd,Mo-Fr 06:30-18:30; Sa 07:00-18:30; Su 07:30-18:30,hove,5,0.6,0.0,0.9944399952888489,0.6,0.3904662491301322,0.5
node/497189730,Wolfox Avenue,50.8203893,-0.1305766,amenity,cafe,cafe,,St. James's Street,56 - 58,,Mo-Su 07:30-17:30,kemptown,4,0.75,0.0,0.9504213631153107,0.75,0.43385138792236916,0.4444444444444444
node/503251372,Terraces,50.8194439,-0.1333762,amenity,restaurant,food,seafood,Madeira drive,Unit 8,https://the-terraces.co.uk/,,kemptown,5,0.8,0.2,0.5998667001724243,0.6000000000000001,0.3904662491301323,0.5
node/566635627,The Quadrant,50.8240815,-0.1434446,amenity,pub,nightlife,,North Street Quadrant,12-13,,,north_laine,6,1.0,0.0,0.9991521934668223,1.0,0.627696590118302,0.5454545454545454
node/566636038,Fiddlers Elbow,50.8221119,-0.1436287,amenity,pub,nightlife,,Boyces Street,11-12,,,the_lanes,6,0.6666666666666666,0.0,0.9696618815263113,0.6666666666666666,0.4458784083001202,0.5454545454545454
node/566636132,The Coal Shed,50.8229056,-0.1407812,amenity,restaurant,food,steak_house,North Street,30-31,https://www.coalshed-restaurant.co.uk/,,the_lanes,3,0.6666666666666666,0.0,0.9840173721313477,0.6666666666666666,0.3630828114126653,0.375
node/599147160,Tesco Express,50.8266119,-0.141846,shop,convenience,shopping,,Queens Road,104,https://www.tesco.com/store-locator/brighton/104-queens-rd,Mo-Su 06:00-23:00,north_laine,7,0.2857142857142857,0.5714285714285714,-0.4251035281590053,-0.2857142857142857,-0.0912781257248898,0.5833333333333334
node/599150171,Thai Spice,50.8221356,-0.1437628,amenity,restaurant,food,thai,Boyces Street,13,,,the_lanes,5,0.8,0.0,0.9973853707313538,0.8,0.49046624913013226,0.5
node/599151839,Inn On The Square,50.8233949,-0.1444843,amenity,pub,nightlife,,Cranbourne Street,11,https://innonthesquare.pub/,,the_lanes,5,0.2,0.4,-0.17584819793701173,-0.2,-0.009533750869867774,0.5
node/599152744,Boho Gelato,50.8224543,-0.1417775,amenity,ice_cream,cafe,,Ship Street,31,,11:00-18:00,the_lanes,4,0.75,0.25,0.4990888833999634,0.5,0.32274027681125805,0.4444444444444444
node/622204053,Noodles Soup,50.8230485,-0.1439854,amenity,restaurant,food,noodle;asian,West Street,37,,,the_lanes,10,0.4,0.2,0.002274435758590676,0.2,0.19364416608675483,0.6666666666666666
node/622204697,MyHotel Brighton,50.8243868,-0.1387968,tourism,hotel,accommodation,,Jubilee Street,17,,,north_laine,3,0.3333333333333333,0.3333333333333333,0.26902655760447186,0.0,0.11308281141266528,0.375
node/622310944,Caxton Arms,50.826894,-0.1425581,amenity,pub,nightlife,,North Gardens,36,,,north_laine,6,0.6666666666666666,0.16666666666666666,0.6151170829931895,0.5,0.3549693173910293,0.5454545454545454
node/622622154,Hotel Du Vin Bistro,50.820581,-0.1423983,amenity,restaurant,food,,Ship Street,3-6,,,the_lanes,7,0.2857142857142857,0.14285714285714285,0.41297311442238943,0.14285714285714285,0.1587218742751102,0.5833333333333334
node/735081861,Helm,50.825467,-0.138271,tourism,gallery,culture,,North Road,15,https://helm-gallery.com/,"Mo-We,Su 10:00-18:00; Th-Sa 10:00-23:00",north_laine,5,0.6,0.2,0.5059109449386596,0.39999999999999997,0.2904662491301322,0.5
node/807926820,East Street Tap,50.8200789,-0.1390666,amenity,pub,nightlife,,East Street,74,,,the_lanes,8,0.375,0.25,0.2530357763171196,0.125,0.14651249933087096,0.6153846153846154
node/882334383,The Pond,50.8271461,-0.1407905,amenity,pub,nightlife,,Gloucester Road,49,,,north_laine,7,0.7142857142857143,0.0,0.743446409702301,0.7142857142857143,0.4920552076084435,0.5833333333333334
node/882334386,The Foundry,50.8265013,-0.1400538,amenity,pub,nightlife,,Foundry Street,13-14,https://www.foundrypub.co.uk/,,north_laine,5,1.0,0.0,0.9991514801979064,1.0,0.5904662491301322,0.5
node/967063280,The Bootlegger,50.820616,-0.143232,amenity,bar,nightlife,,Middle Street,78,,,the_lanes,4,0.5,0.0,0.0991338640451431,0.5,0.32274027681125805,0.4444444444444444
node/1115941392,Lantern Theatre,50.8202221,-0.1307001,amenity,theatre,culture,,St. James's Street,77,https://www.lanterntheatrebrighton.co.uk/,,kemptown,8,0.5,0.375,0.24881014972925186,0.125,0.14651249933087096,0.6153846153846154
node/1115941449,Amsterdam,50.820072,-0.1349206,amenity,bar,nightlife,,Marine Parade,11-12,,,kemptown,6,0.6666666666666666,0.0,0.3666673501332601,0.6666666666666666,0.4458784083001202,0.5454545454545454
node/1115941550,The Oak,50.8205811,-0.1319357,amenity,pub,nightlife,,St. James's Street,46,,,kemptown,6,0.6666666666666666,0.3333333333333333,0.3337012231349945,0.3333333333333333,0.2640602264819384,0.5454545454545454
node/1115941691,Anatolia,50.8204502,-0.1310299,amenity,restaurant,food,turkish,St. James's Street,51,,Mo-Sa 12:00-23:00; Su 12:00-22:00,kemptown,4,0.5,0.25,0.012357562780380249,0.25,0.21162916570014692,0.4444444444444444
node/1115993922,Days,50.8199553,-0.1389861,amenity,restaurant,food,,East Street,75-79,,,the_lanes,6,0.16666666666666666,0.5,-0.6398513913154602,-0.33333333333333337,-0.09957613715442525,0.5454545454545454
node/1115993944,YORI,50.8210928,-0.1403495,amenity,restaurant,food,korean,Prince Albert Street,24,https://yoriuk.com/,,the_lanes,4,0.0,0.25,-0.975077211856842,-0.25,-0.010593056522075305,0.4444444444444444
node/1115993946,The Co-operative Food,50.8232517,-0.1410569,shop,supermarket,shopping,,North Street,147-148,https://www.coop.co.uk/store-finder/BN1-1RE/147-148-north-street,Mo-Su 07:00-23:00,the_lanes,7,0.42857142857142855,0.2857142857142857,0.42217289549963816,0.14285714285714285,0.1587218742751102,0.5833333333333334
node/1115993985,Bella Italia,50.8210385,-0.1401579,amenity,restaurant,food,italian,Market Street,24,https://www.bellaitalia.co.uk/restaurants/brighton/market-street,Mo-Th 11:00-22:00; Fr-Sa 11:00-23:00; Su 11:00-22:00,the_lanes,4,0.25,0.5,-0.4950147569179535,-0.25,-0.010593056522075305,0.4444444444444444
node/1116012477,Buddies,50.8204504,-0.1431493,amenity,restaurant,food,,King's Road,46-48,,,the_lanes,4,0.5,0.0,0.4796226769685746,0.5,0.32274027681125805,0.4444444444444444
node/1116012638,Fish & Chips,50.8203335,-0.14246,amenity,fast_food,food,fish_and_chips,King's Road,39,,,the_lanes,3,0.6666666666666666,0.0,0.9875204761823019,0.6666666666666666,0.3630828114126653,0.375
node/1116658747,Zara,50.8233632,-0.1452685,shop,clothes,shopping,,,,https://www.zara.com/uk/en/stores-locator/zara-brighton-churchill-square-s12666,,the_lanes,4,0.25,0.0,-0.026494100689888028,0.25,0.21162916570014692,0.4444444444444444
node/1116658776,Crown's,50.8232616,-0.1445718,amenity,pub,nightlife,,Cranbourne Street,9-10,,,the_lanes,5,0.4,0.2,0.18287421464920045,0.2,0.19046624913013224,0.5
node/1123948335,The Freemason's,50.825684,-0.1596926,amenity,pub,nightlife,,Western Road,38-39,https://www.freemasons.pub/,"Mo-Th 12:00-01:00, Fr,Sa 12:00-02:00, Su 11:00-23:00",hove,7,0.5714285714285714,0.14285714285714285,0.4448643922805786,0.42857142857142855,0.3253885409417769,0.5833333333333334
node/1123948368,Canham & Sons,50.8272396,-0.1681636,amenity,restaurant,food,,Church Road,48,,,hove,6,0.3333333333333333,0.0,0.7104254762331644,0.3333333333333333,0.2640602264819384,0.5454545454545454
node/1123948384,Libation,50.8269143,-0.1671498,amenity,restaurant,food,,Victoria Grove,10,,,hove,8,0.625,0.0,0.7441087514162064,0.625,0.45420480702317867,0.6153846153846154
node/1123948390,Maré by Rafael Cagali,50.8273828,-0.169264,amenity,restaurant,food,,Church Road,60,https://www.marehove.com/,,hove,7,0.42857142857142855,0.2857142857142857,0.13621274062565392,0.14285714285714285,0.1587218742751102,0.5833333333333334
node/1123948408,Mekan,50.8262129,-0.1621591,amenity,restaurant,food,turkish,Western Road,64,,,hove,3,0.0,0.6666666666666666,-0.33940500020980835,-0.6666666666666666,-0.1369171885873347,0.375
node/1123948410,Fatto a Mano,50.8273472,-0.1664223,amenity,restaurant,food,pizza,Church Road,65-67,https://www.fattoamanopizza.com/,Mo-Th 12:00-22:00; Fr-Sa 12:00-22:30; Su 12:00-21:30,hove,6,0.3333333333333333,0.16666666666666666,0.33539249499638873,0.16666666666666666,0.17315113557284748,0.5454545454545454
node/1123948439,Starbucks,50.8258111,-0.1607758,amenity,cafe,cafe,coffee_shop,Western Road,50-51,https://www.starbucks.co.uk/store-locator/25243-240308,"Mo-Sa 07:00-18:30; Su,PH 09:00-18:00",hove,5,0.0,0.4,0.17247421741485597,-0.4,-0.10953375086986776,0.5
node/1123948521,Topolino,50.8276967,-0.1694117,amenity,restaurant,food,italian,Church Road,97,,,hove,3,1.0,0.0,0.9975610971450806,1.0,0.4880828114126653,0.375
node/1123948526,The Blind Busker,50.8274345,-0.1672752,amenity,pub,nightlife,,Church Road,75-77,https://www.greatukpubs.co.uk/blind-busker-hove,,hove,7,0.2857142857142857,0.42857142857142855,0.12268192427498956,-0.14285714285714285,-0.007944792391556479,0.5833333333333334
node/1123948579,La Fourchette,50.8268654,-0.1665608,amenity,restaurant,food,,Queen's Place,6,,,hove,6,0.6666666666666666,0.0,0.9946736494700114,0.6666666666666666,0.4458784083001202,0.5454545454545454
node/1123948594,Third Avenue / Catch & Grill,50.8274418,-0.169762,amenity,restaurant,food,,Church Road,70-72,,,hove,5,0.4,0.4,-0.17841550111770632,0.0,0.09046624913013222,0.5
node/1123948693,Cin Cin Italian Bar And Kitchen,50.8260658,-0.1614849,amenity,restaurant,food,italian,Western Road,60,,,hove,7,0.14285714285714285,0.14285714285714285,-0.3728538921901158,0.0,0.07538854094177685,0.5833333333333334
node/1123948709,Baked,50.8274175,-0.1668782,amenity,cafe,cafe,,Church Road,69,,,hove,3,0.0,0.3333333333333333,0.3229945699373881,-0.3333333333333333,-0.011917188587334718,0.375
node/1123981148,Old Albion,50.8277798,-0.1721255,amenity,pub,nightlife,,Church Road,110,,,hove,7,0.5714285714285714,0.14285714285714285,0.43241060631615774,0.42857142857142855,0.3253885409417769,0.5833333333333334
node/1123981149,Otello,50.8278848,-0.1730151,amenity,restaurant,food,italian,Church Road,122,https://www.otellorestaurant.co.uk/,,hove,6,0.0,0.3333333333333333,-0.3187900086243947,-0.3333333333333333,-0.09957613715442525,0.5454545454545454
node/1123981176,Bagelman,50.8277371,-0.1719143,amenity,cafe,cafe,,Church Road,106,,,hove,7,0.2857142857142857,0.2857142857142857,-0.41802329676491873,0.0,0.07538854094177685,0.5833333333333334
node/1123981183,GAIL's,50.828262,-0.1742744,amenity,cafe,cafe,,Church Road,157,https://gails.com/pages/hove,,hove,6,0.6666666666666666,0.0,0.3369205395380655,0.6666666666666666,0.4458784083001202,0.5454545454545454
node/1123981195,Moss Bros,50.827995,-0.1740466,shop,clothes,shopping,,Church Road,134-140,,,hove,6,0.6666666666666666,0.3333333333333333,0.3336300452550252,0.3333333333333333,0.2640602264819384,0.5454545454545454
node/1123981199,Issa Sushi,50.8278506,-0.1727382,amenity,restaurant,food,,Church Road,116,,,hove,4,0.25,0.0,0.4539279341697693,0.25,0.21162916570014692,0.4444444444444444
node/1123981208,Bankers Express,50.828081,-0.1727035,amenity,fast_food,food,,Church Road,131,,,hove,6,0.8333333333333334,0.0,0.9879997571309408,0.8333333333333334,0.5367874992092111,0.5454545454545454
node/1123981226,The Seafield,50.8280759,-0.1748118,amenity,pub,nightlife,,Church Road,150,,,hove,4,0.75,0.25,0.4994018226861954,0.5,0.32274027681125805,0.4444444444444444
node/1123981257,PizzaExpress,50.8279504,-0.171411,amenity,restaurant,food,pizza,Church Road,107,https://www.pizzaexpress.com/hove-church-road,,hove,7,0.14285714285714285,0.14285714285714285,0.12423292228153772,0.0,0.07538854094177685,0.5833333333333334
node/1134860830,Dead Wax Social,50.8241876,-0.1400738,amenity,bar,nightlife,,Bond Street,18A,,,north_laine,6,0.5,0.5,0.00030071536699927126,0.0,0.08224204466375656,0.5454545454545454
node/1135615936,Bath Arms,50.8221092,-0.1410413,amenity,pub,nightlife,,Meeting House Lane,4-5,,,the_lanes,5,0.4,0.0,0.5353214383125305,0.4,0.29046624913013225,0.5
node/1135717014,The Font,50.8222748,-0.1410482,amenity,pub,nightlife,,Union Street,,,,the_lanes,7,0.2857142857142857,0.5714285714285714,-0.4125069720404489,-0.2857142857142857,-0.0912781257248898,0.5833333333333334
node/1135729517,Enigma,50.8216625,-0.144111,amenity,bar,nightlife,,West Street,75,https://www.enigmabrighton.co.uk/,,the_lanes,5,0.8,0.2,0.5991402268409729,0.6000000000000001,0.3904662491301323,0.5
node/1152974474,3 Jolly Butchers,50.82609,-0.1414179,amenity,pub,nightlife,,North Road,59,,,north_laine,7,0.2857142857142857,0.14285714285714285,0.6526445831571307,0.14285714285714285,0.1587218742751102,0.5833333333333334
node/1155218246,The Heart & Hand,50.8257993,-0.1395339,amenity,pub,nightlife,,North Road,75,,,north_laine,8,0.25,0.25,-0.05784596502780913,0.0,0.06958942240779402,0.6153846153846154
node/1155346441,Al Duomo,50.8220221,-0.1382218,amenity,restaurant,food,italian,Pavilion Buildings,7,https://www.alduomo.co.uk/,,the_lanes,5,1.0,0.0,0.9985287189483643,1.0,0.5904662491301322,0.5
node/1155374822,Moshimo,50.8206337,-0.140744,amenity,restaurant,food,sushi,Bartholomew Square,,,,the_lanes,4,0.0,0.25,-0.05612790584564212,-0.25,-0.010593056522075305,0.4444444444444444
node/1155389238,The Druids Head,50.8217717,-0.1401881,amenity,pub,nightlife,,Brighton Place,9,https://www.greeneking.co.uk/pubs/east-sussex/druids-head,,the_lanes,5,0.4,0.4,-0.16982910633087162,0.0,0.09046624913013222,0.5
node/1155389248,The Market Inn,50.8217012,-0.1392319,amenity,pub,nightlife,,Market Street,1,,,the_lanes,3,0.0,0.3333333333333333,-0.9660949110984802,-0.3333333333333333,-0.011917188587334718,0.375
node/1155408975,Burger King,50.82345,-0.1431272,amenity,fast_food,food,burger,North Street,63-65,https://locations.burgerking.co.uk/brighton/63-65-north-street,"Mo-Th 10:00-05:00, Fr,Sa 10:00-06:00, Su 10:00-03:00",the_lanes,4,0.25,0.5,-0.0036993622779845914,-0.25,-0.010593056522075305,0.4444444444444444
node/1155409006,Ben & Jerry's,50.8210385,-0.1456571,amenity,ice_cream,cafe,ice_cream,,,,Mo-Fr 08:00-21:30; Sa 09:00-21:30; Su 09:30-21:30,the_lanes,5,0.4,0.2,0.5816329956054688,0.2,0.19046624913013224,0.5
node/1155416607,The Walrus,50.8210133,-0.1421607,amenity,pub,nightlife,,Ship Street,10,,,the_lanes,6,0.8333333333333334,0.0,0.6676092147827148,0.8333333333333334,0.5367874992092111,0.5454545454545454
node/1155446692,Barbara’s Bier Haus,50.820966,-0.1443807,amenity,pub,nightlife,,West Street,79-81,https://barbarasbierhaus.co.uk/brighton/,Mo-Fr Su 16:00-03:00 Sa 12:00-03:00,the_lanes,4,0.0,0.75,-0.5081685036420822,-0.75,-0.23281527874429753,0.4444444444444444
node/1155462013,Seven Stars,50.8222859,-0.1417241,amenity,pub,nightlife,,Ship Street,27,http://www.sevenstarsbrighton.com/,,the_lanes,3,0.0,0.3333333333333333,-0.3268489837646485,-0.3333333333333333,-0.011917188587334718,0.375
node/1155462025,Casa Don Carlos,50.8221631,-0.141091,amenity,restaurant,food,tapas,Union Street,5,,,the_lanes,6,0.8333333333333334,0.16666666666666666,0.6655503412087759,0.6666666666666667,0.4458784083001202,0.5454545454545454
node/1155467586,Riddle & Finns The Lanes,50.8225531,-0.1404464,amenity,restaurant,food,seafood,Meeting House Lane,12B,https://www.riddleandfinns.co.uk/restaurant-brighton-lanes/,,the_lanes,6,0.16666666666666666,0.16666666666666666,0.06570145487785341,0.0,0.08224204466375656,0.5454545454545454
node/1155472958,Nando's,50.8228578,-0.1427944,amenity,restaurant,food,chicken;portuguese,Duke Street,34,https://www.nandos.co.uk/restaurants/brighton-duke-street,,the_lanes,6,0.3333333333333333,0.5,-0.33128513892491657,-0.16666666666666669,-0.00866704624533434,0.5454545454545454
node/1155519665,The Post & Telegraph,50.8230339,-0.1404452,amenity,pub,nightlife,,North Street,155-158,https://www.jdwetherspoon.com/pubs/all-pubs/england/east-sussex/the-post--telegraph-brighton,Mo-Th 08:00-24:00; Fr-Sa 08:00-01:00; Su 08:00-23:30,the_lanes,8,0.375,0.25,0.033124826848506914,0.125,0.14651249933087096,0.6153846153846154
node/1155702188,Sallis Benney Theatre,50.82424,-0.1350903,amenity,theatre,culture,,Grand Parade,58-67,http://arts.brighton.ac.uk/whats-on/gallery-theatre,,kemptown,3,0.6666666666666666,0.0,0.4331083099047343,0.6666666666666666,0.3630828114126653,0.375
node/1173762665,Pret A Manger,50.8236261,-0.1440224,amenity,fast_food,food,sandwich,North Street,77,https://www.pret.co.uk/en-GB/shop-finder/l/brighton/77-north-street/10934,Mo-Fr 07:30-17:00; Sa 08:00-17:00; Su 08:30-16:00,the_lanes,7,0.2857142857142857,0.2857142857142857,0.19257467985153198,0.0,0.07538854094177685,0.5833333333333334
node/1173770511,Auntie Anne's,50.8288719,-0.1411137,amenity,fast_food,food,pretzel,Queens Road,,,,north_laine,3,0.3333333333333333,0.0,0.31117169062296546,0.3333333333333333,0.2380828114126653,0.375
node/1173771365,Bright News,50.8290963,-0.1437431,shop,convenience,shopping,,Buckingham Road,67A,,,north_laine,7,0.2857142857142857,0.0,0.6696846910885402,0.2857142857142857,0.24205520760844354,0.5833333333333334
node/1187807354,Five Guys,50.8242478,-0.1391025,amenity,fast_food,food,burger,Jubilee Street,1,https://restaurants.fiveguys.co.uk/south-east/1-jubilee-street,"Mo-Sa 10:00-24:00, Su 10:00-22:30",north_laine,6,0.3333333333333333,0.0,0.06190345684687296,0.3333333333333333,0.2640602264819384,0.5454545454545454
node/1205836910,The Duke of Wellington,50.827653,-0.1432541,amenity,pub,nightlife,,Upper Gloucester Road,70,,"Mo-Th 11:30-24:00, Fr 11:30-01:00, Sa 11:30-01:00, Su 10:30-23:00",north_laine,4,0.5,0.25,0.47797857224941254,0.25,0.21162916570014692,0.4444444444444444
node/1205836919,Rudy's Pizza Napoletana,50.8246398,-0.1385942,amenity,restaurant,food,pizza,Jubilee Street,17,https://www.rudyspizza.co.uk/location/brighton/,,north_laine,7,0.14285714285714285,0.42857142857142855,-0.4370136090687343,-0.2857142857142857,-0.0912781257248898,0.5833333333333334
node/1236329255,Las Iguanas,50.8249358,-0.1388352,amenity,restaurant,food,mexican,Jubilee Street,7,https://www.iguanas.co.uk/restaurants/brighton/,Mo-Th 11:00-22:00; Fr 11:00-22:30; Sa 11:00-23:30; Su 11:00-22:00,north_laine,9,0.3333333333333333,0.1111111111111111,0.1628325515323215,0.2222222222222222,0.20747589223580873,0.6428571428571429
node/1236329479,Ten Green Bottles,50.825025,-0.138755,amenity,bar,nightlife,,Jubilee Street,9,,Mo 16:00-23:00; Tu-Sa 12:00-23:00; Su 12:00-21:00,north_laine,3,0.0,0.3333333333333333,-0.9454125563303629,-0.3333333333333333,-0.011917188587334718,0.375
node/1236329881,Starbucks,50.8254658,-0.1385742,amenity,cafe,cafe,coffee_shop,Jubilee Street,,https://www.starbucks.co.uk/store-locator/25244-240307,Mo-Fr 07:00-18:00; Sa 08:00-18:00; Su 08:30-17:00,north_laine,3,0.3333333333333333,0.3333333333333333,0.329391360282898,0.0,0.11308281141266528,0.375
node/1236331057,Pussy,50.8259259,-0.1388944,shop,gift,shopping,,Kensington Gardens,3a,https://www.pussyhomeboutique.co.uk/,10:00-18:00; Su 11:00-17:00,north_laine,5,0.4,0.4,-0.19567364454269406,0.0,0.09046624913013222,0.5
node/1236331934,Iydea,50.8267377,-0.1384212,amenity,cafe,cafe,,Kensington Gardens,17,,Mo-Sa 09:30-17:30; Su 09:30-17:00,north_laine,5,0.4,0.2,0.5680651307106018,0.2,0.19046624913013224,0.5
node/1271979058,Burger King,50.8386506,-0.172949,amenity,fast_food,food,burger,Newtown Road,,https://locations.burgerking.co.uk/hove/goldstone-retail-park,"Mo-Th 10:00-22:00; Fr,Sa 10:00-23:00; Su 10:30-22:00",hove,5,0.6,0.2,0.598659348487854,0.39999999999999997,0.2904662491301322,0.5
node/1273295136,The Gym Group,50.8193646,-0.1339422,leisure,fitness_centre,outdoor,,,,https://www.thegymgroup.com/find-a-gym/brighton-gyms/brighton-madeira-drive/,,kemptown,3,1.0,0.0,0.9990156094233195,1.0,0.4880828114126653,0.375
node/1273301708,PureGym,50.82583,-0.1412971,leisure,fitness_centre,outdoor,,North Road,,https://www.puregym.com/gyms/brighton-central/,,north_laine,7,0.7142857142857143,0.0,0.7079883473260062,0.7142857142857143,0.4920552076084435,0.5833333333333334
node/1274328349,The Actors Theatre,50.8222872,-0.1360077,amenity,theatre,culture,,Prince's Street,,https://www.actors.pub/theatre,,the_lanes,3,0.3333333333333333,0.3333333333333333,0.23463698228200272,0.0,0.11308281141266528,0.375
node/1335016116,The Basement,50.826293,-0.1381847,amenity,nightclub,nightlife,,Kensington Street,24,https://www.thebasement.uk.com/,,north_laine,5,0.4,0.0,0.19952607154846197,0.4,0.29046624913013225,0.5
node/1340738392,The Connaught,50.828321,-0.1791411,amenity,pub,nightlife,,Hove Street,48,,,hove,3,0.0,0.0,-0.35056883096694946,0.0,0.11308281141266528,0.375
node/1341080652,Sidewinder,50.8198939,-0.1290007,amenity,bar,nightlife,,St James's Street,65,,,kemptown,6,0.6666666666666666,0.3333333333333333,0.333148717880249,0.3333333333333333,0.2640602264819384,0.5454545454545454
node/1341080655,Bayleaf,50.8205402,-0.1317038,amenity,restaurant,food,indian,St. James's Street,49,,,kemptown,7,0.5714285714285714,0.0,0.1565168840544564,0.5714285714285714,0.4087218742751102,0.5833333333333334
node/1341080656,Fallen Angel,50.819724,-0.1288106,amenity,pub,nightlife,,Grafton Street,24,,,kemptown,3,0.6666666666666666,0.0,0.34003613392512005,0.6666666666666666,0.3630828114126653,0.375
node/1341080657,Hand in Hand,50.819413,-0.1272791,amenity,pub,nightlife,,Upper St James Street,33,,,kemptown,5,0.4,0.6,-0.19924601316452029,-0.19999999999999996,-0.009533750869867751,0.5
node/1341080659,The Black Dove,50.8201674,-0.1304061,amenity,bar,nightlife,,St. James's Street,74,,,kemptown,3,0.0,0.3333333333333333,0.31800474723180133,-0.3333333333333333,-0.011917188587334718,0.375
node/1341082995,The Funky Fish,50.8198918,-0.133934,amenity,bar,nightlife,,Marine Parade,19-23,https://www.funkyfishclub.co.uk/,,kemptown,4,0.5,0.5,0.0006180405616760809,0.0,0.1005180545890358,0.4444444444444444
node/1343312061,Lemongrass,50.827273,-0.1659365,amenity,restaurant,food,,Church Road,55,,,hove,9,0.4444444444444444,0.2222222222222222,0.1307473580042521,0.2222222222222222,0.20747589223580873,0.6428571428571429
node/1343324651,The Sussex,50.8212874,-0.1394017,amenity,pub,nightlife,,East Street,33-34,https://www.greeneking.co.uk/pubs/east-sussex/sussex,,the_lanes,3,0.3333333333333333,0.0,0.4455362955729167,0.3333333333333333,0.2380828114126653,0.375
node/1343324652,The Pump House,50.8215037,-0.1402762,amenity,pub,nightlife,,Market Street,46,https://www.nicholsonspubs.co.uk/restaurants/southeast/thepumphousebrighton,,the_lanes,3,0.6666666666666666,0.3333333333333333,0.33330035209655756,0.3333333333333333,0.2380828114126653,0.375
node/1343324653,Donatello,50.8217644,-0.1397567,amenity,restaurant,food,italian,Brighton Place,1-3,https://donatello.co.uk/,,the_lanes,7,0.5714285714285714,0.14285714285714285,0.42249694892338346,0.42857142857142855,0.3253885409417769,0.5833333333333334
node/1458845357,Legends,50.8196569,-0.1328778,amenity,bar,nightlife,,Marine Parade,31-34,http://www.legendsbrighton.com,,kemptown,6,0.5,0.5,-0.0003350973129272276,0.0,0.08224204466375656,0.5454545454545454
node/1508670786,Smart Sea View Brighton hotel,50.8252598,-0.1750037,tourism,hotel,accommodation,,St Catherines Terrace,9-12,,,seafront,27,0.3333333333333333,0.2962962962962963,0.11213023795021902,0.037037037037037035,0.059520702853166324,0.84375
node/1508704070,Maka,50.8249942,-0.1764046,amenity,cafe,cafe,ice_cream;pastry,Sussex Road,1a,,Mo-Su 07:30-18:00,seafront,25,0.4,0.2,-0.02611044406890867,0.2,0.19682208304337742,0.8333333333333334
node/1508716067,Chippy Chips,50.825109,-0.176464,amenity,fast_food,food,fish_and_chips,Victoria Terrace,16,,,seafront,25,0.48,0.12,0.37001676082611085,0.36,0.3301554163767107,0.8333333333333334
node/1508728786,Nisa Local,50.8251264,-0.1766234,shop,convenience,shopping,,Victoria Terrace,18,,,seafront,31,0.25806451612903225,0.3225806451612903,-0.3652051225785286,-0.06451612903225806,-0.030426041908296602,0.8611111111111112
node/1508756250,Cinderella Hotel,50.8275703,-0.1761425,tourism,hotel,accommodation,,,,,,hove,5,0.8,0.2,0.5998568534851075,0.6000000000000001,0.3904662491301323,0.5
node/1508762681,Brazillian Centre Hove,50.8280746,-0.1751836,shop,butcher,shopping,international,Church Road,158,,,hove,7,0.42857142857142855,0.14285714285714285,0.4093272515705654,0.2857142857142857,0.24205520760844354,0.5833333333333334
node/1508789467,Franco Manca,50.8279532,-0.1736596,amenity,restaurant,food,pizza,Church Road,128,,,hove,9,0.5555555555555556,0.1111111111111111,0.7679588728480868,0.4444444444444445,0.3503330350929516,0.6428571428571429
node/1508789468,Hixon Green,50.8279543,-0.1734401,amenity,cafe,cafe,,Church Road,124,,,hove,4,0.5,0.0,0.6012262850999832,0.5,0.32274027681125805,0.4444444444444444
node/1508789469,Real Pâtisserie,50.8282012,-0.1737054,shop,bakery,cafe,,Church Road,147,,,hove,3,0.0,0.3333333333333333,-0.34716629981994646,-0.3333333333333333,-0.011917188587334718,0.375
node/1508789470,Modelo Lounge,50.8281773,-0.1735717,amenity,restaurant,food,british,Church Road,143-145,https://thelounges.co.uk/modelo/,Su-Th 09:00-22:00; Fr-Sa 09:00-23:00,hove,3,0.6666666666666666,0.0,0.33681615193684894,0.6666666666666666,0.3630828114126653,0.375
node/1508789477,Shandiz,50.8278615,-0.1728304,amenity,restaurant,food,,Church Road,118,,,hove,7,0.42857142857142855,0.2857142857142857,0.41374203136989046,0.14285714285714285,0.1587218742751102,0.5833333333333334
node/1508792840,Subway,50.8277959,-0.172234,amenity,fast_food,food,sandwich,Church Road,112,https://restaurants.subway.com/united-kingdom/en/hove/112-church-road,,hove,7,0.2857142857142857,0.14285714285714285,-0.11816786868231632,0.14285714285714285,0.1587218742751102,0.5833333333333334
node/1510630524,The Shop Café,50.8199621,-0.1345166,amenity,cafe,cafe,,,,,,kemptown,6,0.3333333333333333,0.3333333333333333,0.3269498844941457,0.0,0.08224204466375656,0.5454545454545454
node/1513142901,Nautilus Lounge,50.8209146,-0.136231,amenity,bar,nightlife,,St. James's Street,129-130,https://nautiluslounge.com/,"Mo,Th 18:00-24:00; Fr-Su 18:00-01:00, Tu,We off",the_lanes,5,0.4,0.2,0.11891905069351191,0.2,0.19046624913013224,0.5
node/1515288211,Katz,50.8201401,-0.143067,amenity,cafe,cafe,,,,,,the_lanes,6,0.0,0.5,-0.4054583013057709,-0.5,-0.19048522806351614,0.5454545454545454
node/1515288220,Lazy Fin,50.8203042,-0.1441303,amenity,restaurant,food,,King's Road Arches,163,https://lazyfin.co.uk/,,the_lanes,4,0.5,0.0,0.5013069063425064,0.5,0.32274027681125805,0.4444444444444444
node/1515288223,Coalition,50.8201387,-0.1433917,amenity,nightclub,nightlife,,King's Road Arches,171-181,,,the_lanes,5,0.6,0.2,0.5978134274482727,0.39999999999999997,0.2904662491301322,0.5
node/1515288230,The Open Studios,50.8202597,-0.1438339,amenity,arts_centre,culture,,King's Road Arches,168,https://www.theopenstudios.co.uk/,,the_lanes,7,0.8571428571428571,0.0,0.7306765573365348,0.8571428571428571,0.5753885409417768,0.5833333333333334
node/1515288233,Passacaglia,50.8201118,-0.1439343,tourism,artwork,culture,,,,,,the_lanes,4,0.5,0.0,0.4658418595790863,0.5,0.32274027681125805,0.4444444444444444
node/1515288234,The Buccaneer,50.8201166,-0.1429288,amenity,cafe,cafe,,King's Road,186,,,the_lanes,4,0.0,0.5,-0.5276185572147369,-0.5,-0.12170416763318641,0.4444444444444444
node/1520398801,Phimmada,50.8257291,-0.1389591,shop,clothes,shopping,,Kensington Gardens,1,,,north_laine,10,0.4,0.4,-0.19469426870346068,0.0,0.06031083275342149,0.6666666666666666
node/1526906940,Brighton Smokehouse,50.8199944,-0.1423444,amenity,restaurant,food,seafood,King's Road Arches,197,,,the_lanes,3,0.0,0.6666666666666666,-0.33574626843134564,-0.6666666666666666,-0.1369171885873347,0.375
node/1526906955,PoshTotty,50.8195016,-0.140033,shop,gift,shopping,,,,,,the_lanes,4,0.25,0.5,-0.47685371339321136,-0.25,-0.010593056522075305,0.4444444444444444
node/1526906961,Carousels Ice cream & Snack Bar,50.8196217,-0.1405804,amenity,fast_food,food,,,,,,the_lanes,4,0.0,0.5,-0.577753484249115,-0.5,-0.12170416763318641,0.4444444444444444
node/1527329662,Fish n' Chips,50.8191741,-0.1366662,amenity,fast_food,food,fish_and_chips,,,,,the_lanes,8,0.625,0.125,0.27329063415527344,0.5,0.37728173010010174,0.6153846153846154
node/1527329670,Crepes,50.8191786,-0.1362854,amenity,fast_food,food,crepe,,,,,the_lanes,3,0.3333333333333333,0.0,0.9251940647761027,0.3333333333333333,0.2380828114126653,0.375
node/1527329684,Donuts & Churros,50.8192112,-0.1362711,amenity,fast_food,food,donut,,,,,the_lanes,3,0.6666666666666666,0.0,0.3414606253306071,0.6666666666666666,0.3630828114126653,0.375
node/1527329701,Donut Factory,50.8192241,-0.136672,amenity,fast_food,food,donut,,,,,the_lanes,4,0.75,0.25,0.4986749291419983,0.5,0.32274027681125805,0.4444444444444444
node/1527329915,Ice Cream,50.8192585,-0.1366657,amenity,ice_cream,cafe,,,,,,the_lanes,3,0.6666666666666666,0.0,0.9599868456522623,0.6666666666666666,0.3630828114126653,0.375
node/1527601347,Belgian Waffles,50.8159667,-0.1369447,amenity,fast_food,food,cake,,,,,seafront,27,0.3333333333333333,0.14814814814814814,-0.025376405980851904,0.18518518518518517,0.18452070285316632,0.84375
node/1527601348,Coffee Trader,50.8185774,-0.1365609,amenity,cafe,cafe,,,,,,the_lanes,4,0.25,0.25,-0.49539272487163544,0.0,0.1005180545890358,0.4444444444444444
node/1527601349,Donut Factory,50.8157504,-0.136975,amenity,fast_food,food,donut,,,,,seafront,34,0.47058823529411764,0.17647058823529413,0.1418491146143745,0.2941176470588235,0.2796067305461877,0.8717948717948718
node/1527601364,Palm Court Restaurant,50.8165569,-0.1368677,amenity,restaurant,food,,,,,,seafront,23,0.2608695652173913,0.21739130434782608,0.043372781380363136,0.043478260869565216,0.06802366040361865,0.8214285714285714
node/1527601365,Pier Shellfish Bar,50.818643,-0.1365536,amenity,fast_food,food,fish,,,,,the_lanes,5,1.0,0.0,0.9989653348922729,1.0,0.5904662491301322,0.5
node/1527601373,Rock Shop,50.816218,-0.1369073,shop,gift,shopping,,,,,,seafront,20,0.5,0.15,0.5124170929193497,0.35,0.3161864996520529,0.8
node/1527601376,Toffee Apples,50.8159969,-0.1369404,amenity,fast_food,food,candy,,,,,seafront,29,0.3103448275862069,0.3103448275862069,-0.2899435902463979,0.0,0.02660772033239183,0.8529411764705882
node/1527601378,Victoria's,50.816335,-0.1369833,amenity,bar,nightlife,,,,,,seafront,23,0.391304347826087,0.2608695652173913,0.2991422544354978,0.13043478260869568,0.1394522318321901,0.8214285714285714
node/1527601725,Donuts & Churros,50.8175602,-0.136707,amenity,fast_food,food,donut,,,,,kemptown,9,0.3333333333333333,0.3333333333333333,-0.06403080622355148,0.0,0.06461874937866588,0.6428571428571429
node/1527601982,Donuts & Crepes,50.8188407,-0.1365248,amenity,fast_food,food,donut,,,,,the_lanes,4,0.75,0.0,0.5129349082708359,0.75,0.43385138792236916,0.4444444444444444
node/1527704723,Glitter Ball,50.815119,-0.1367634,amenity,bar,nightlife,,,,,,seafront,22,0.18181818181818182,0.22727272727272727,-0.15674010731957175,-0.04545454545454544,-0.00353101884069176,0.8148148148148148
node/1528978698,Zeytoon,50.8232818,-0.1435844,amenity,bar,nightlife,,West Street,48,,,the_lanes,4,0.25,0.5,-0.49744281172752386,-0.25,-0.010593056522075305,0.4444444444444444
node/1528978704,itsu,50.8234987,-0.1434434,amenity,fast_food,food,asian,North Street,68-70,https://www.itsu.com/location/brighton/,11:00-22:00,the_lanes,7,0.5714285714285714,0.14285714285714285,0.4275866321155003,0.42857142857142855,0.3253885409417769,0.5833333333333334
node/1528978707,Chopstix Noodle Bar,50.8234817,-0.1433009,amenity,restaurant,food,noodle,North Street,67,https://chopstixnoodles.co.uk/stores/brighton/,"Mo-Fr, Su 10:30-22:00; Sa 10:30-18:00",the_lanes,3,0.3333333333333333,0.3333333333333333,-0.3252850770950318,0.0,0.11308281141266528,0.375
node/1528978711,Pop in Shop,50.8233248,-0.1435652,shop,convenience,shopping,,West Street,47,,,the_lanes,4,0.25,0.0,0.03489631414413458,0.25,0.21162916570014692,0.4444444444444444
node/1528989419,Kebab House,50.8223093,-0.1439489,amenity,fast_food,food,kebab,West Street,61,,,the_lanes,4,0.5,0.0,0.4931731522083282,0.5,0.32274027681125805,0.4444444444444444
node/1528989422,Molly Malone's,50.8227336,-0.1438103,amenity,pub,nightlife,,West Street,57,,,the_lanes,12,0.4166666666666667,0.3333333333333333,0.31700069705645245,0.08333333333333337,0.1120389700765484,0.7058823529411765
node/1528989424,One Step,50.8226484,-0.1438447,shop,convenience,shopping,,West Street,58,,,the_lanes,3,0.3333333333333333,0.0,-0.2815121412277222,0.3333333333333333,0.2380828114126653,0.375
node/1529021533,Regency Pool Club,50.8220924,-0.1440294,leisure,sports_centre,outdoor,,West Street,63-64,,,the_lanes,6,0.6666666666666666,0.3333333333333333,0.3328916033109029,0.3333333333333333,0.2640602264819384,0.5454545454545454
node/1529021636,Revolution,50.8213527,-0.1442236,amenity,bar,nightlife,,West Street,77,,,the_lanes,7,0.7142857142857143,0.0,0.7281310984066555,0.7142857142857143,0.4920552076084435,0.5833333333333334
node/1554549264,Gourmet Burger Kitchen,50.824849,-0.1394559,amenity,fast_food,food,burger,Gardner Street,45 - 46,https://www.gbk.co.uk/restaurants/brighton,,north_laine,4,0.75,0.0,0.5015991479158401,0.75,0.43385138792236916,0.4444444444444444
node/1747674070,Brass Monkey Ice Cream,50.8267765,-0.1384068,amenity,cafe,cafe,,Kensington Gardens,16,,,north_laine,4,0.25,0.25,0.0016517490148544034,0.0,0.1005180545890358,0.4444444444444444
node/1747683834,Snoopers Paradise,50.8262877,-0.1387007,amenity,marketplace,shopping,,Kensington Gardens,7-8,https://snoopersparadise.co.uk/,"Mo-Sa 10:00-18:00; PH,Su 11:00-16:00",north_laine,3,0.3333333333333333,0.0,-0.14813341697057084,0.3333333333333333,0.2380828114126653,0.375
node/1747683837,HongKong SiuMei,50.8266294,-0.1385906,amenity,restaurant,food,chinese,Kensington Gardens,11A,,,north_laine,3,0.6666666666666666,0.0,0.9948616425196329,0.6666666666666666,0.3630828114126653,0.375
node/1750198896,Co-op Food,50.8329746,-0.1814788,shop,convenience,shopping,,Portland Road,67-71,https://www.coop.co.uk/store-finder/BN3-5DQ/67-71-portland-road,Mo-Su 07:00-23:00,hove,4,0.25,0.0,0.38451364636421204,0.25,0.21162916570014692,0.4444444444444444
node/1750210486,Chawan Cafe,50.8330233,-0.1817795,amenity,cafe,cafe,,Portland Road,73,,,hove,5,0.4,0.2,0.5963117241859436,0.2,0.19046624913013224,0.5
node/1763083149,HostelPoint,50.8195668,-0.1383484,tourism,hostel,accommodation,,Grand Junction Road,10;12,http://www.hostelpointuk.com/,,the_lanes,5,0.4,0.2,-0.19699792861938478,0.2,0.19046624913013224,0.5
node/2019009885,Pho,50.8209133,-0.1413341,amenity,restaurant,food,vietnamese,Black Lion Street,12,https://www.phocafe.co.uk/locations/brighton,,the_lanes,4,0.5,0.25,0.0017781853675842563,0.25,0.21162916570014692,0.4444444444444444
node/2052484369,North Laine Brewhouse,50.8268029,-0.1358108,amenity,pub,nightlife,,Gloucester Place,27,https://www.northlaine.pub/,,north_laine,9,0.4444444444444444,0.3333333333333333,-0.10821055703692964,0.1111111111111111,0.1360473208072373,0.6428571428571429
node/2424545895,Maon Hotel,50.8215686,-0.1297148,tourism,hotel,accommodation,,Upper Rock Gardens,26,,,kemptown,4,0.25,0.5,-0.4985693246126175,-0.25,-0.010593056522075305,0.4444444444444444
node/2424545900,Abbey Lodge,50.8212573,-0.1300242,tourism,guest_house,accommodation,,Upper Rock Gardens,19,,,kemptown,4,1.0,0.0,0.9989726394414902,1.0,0.5449624990334803,0.4444444444444444
node/2424545904,4 Seasons Guest House,50.8204366,-0.1302584,tourism,guest_house,accommodation,,Upper Rock Gardens,3,,,kemptown,9,0.3333333333333333,0.2222222222222222,-0.08622726466920637,0.1111111111111111,0.1360473208072373,0.6428571428571429
node/2424545907,Avalon Guest Accomodation,50.8206508,-0.1301527,tourism,guest_house,accommodation,,,,,,kemptown,7,0.0,0.8571428571428571,-0.7241307071277073,-0.8571428571428571,-0.4246114590582231,0.5833333333333334
node/2424545909,Ocean Breeze,50.82083,-0.1300827,tourism,guest_house,accommodation,,Upper Rock Gardens,13,,,kemptown,5,0.2,0.0,-0.1949002623558045,0.2,0.19046624913013224,0.5
node/2424545910,Colson House,50.821142,-0.1300152,tourism,guest_house,accommodation,,Upper Rock Gardens,17,,,kemptown,3,1.0,0.0,0.9995742638905843,1.0,0.4880828114126653,0.375
node/2424554703,Al Forno,50.8202503,-0.1308951,amenity,restaurant,food,italian;pizza,St. James's Street,78,,,kemptown,7,0.14285714285714285,0.42857142857142855,-0.42351986680712017,-0.2857142857142857,-0.0912781257248898,0.5833333333333334
node/2424554704,Brighton Rocks,50.8199605,-0.1309933,amenity,bar,nightlife,,Rock Place,6,,,kemptown,3,0.0,0.6666666666666666,-0.48432431618372607,-0.6666666666666666,-0.1369171885873347,0.375
node/2424554708,Restaurant at Drakes,50.8194482,-0.1315859,amenity,restaurant,food,,Marine Parade,43-44,,,kemptown,6,0.5,0.0,0.9314578572909037,0.5,0.3549693173910293,0.5454545454545454
node/2424573423,Harvester,50.8196043,-0.1354361,amenity,restaurant,food,american,Madeira Drive,,,Mo 12:00-21:00; Tu-Th 11:30-21:00; Fr-Sa 09:00-22:00; Su 09:00-21:00,kemptown,7,0.5714285714285714,0.0,0.6491617730685643,0.5714285714285714,0.4087218742751102,0.5833333333333334
node/2425775415,Suriya's Thai Kitchen,50.8176651,-0.1182998,amenity,restaurant,food,thai,St. Georges Road,77,https://suriyasthaikitchen.co.uk/,Tu-Su 17:00-22:00,kemptown,8,0.125,0.25,0.2439267933368683,-0.125,-0.007333654515282903,0.6153846153846154
node/2425781211,Kemp Thai,50.8178682,-0.1184508,amenity,fast_food,food,thai,St Georges Road,40,https://kempthai.co.uk/kemptown-brighton/,17:00-22:00,kemptown,6,0.6666666666666666,0.16666666666666666,0.3353510995705922,0.5,0.3549693173910293,0.5454545454545454
node/2425787603,Kemp Town Chippy,50.8175939,-0.1180284,amenity,fast_food,food,fish,St Georges Road,73,,"Mo-Fr 12:00-13:30, Mo-We,Sa 17:00-20:00, Th,Fr 17:00-21:00; Su off",kemptown,5,0.2,0.6,-0.23291900157928466,-0.39999999999999997,-0.10953375086986776,0.5
node/2425794913,Proud Cabaret Brighton,50.817783,-0.1188909,amenity,restaurant,food,,St Georges Road,83,https://proudcabaret.com/pages/brighton,,kemptown,5,0.4,0.2,0.2028121590614318,0.2,0.19046624913013224,0.5
node/2428496567,Seven Stars Oriental Supermarket,50.8218015,-0.1342904,shop,supermarket,shopping,,George Street,44A,,,kemptown,11,0.45454545454545453,0.2727272727272727,-0.08788901025598701,0.18181818181818182,0.18154140570633265,0.6875
node/2428496573,Lazy Bones Cafe & Coffee Shop,50.8218676,-0.1342666,amenity,cafe,cafe,coffee_shop,George Street,44,,,kemptown,5,0.4,0.4,-0.18670302629470825,0.0,0.09046624913013222,0.5
node/2428501977,The King's Arms,50.8211796,-0.1346153,amenity,pub,nightlife,,George Street,56,https://www.craftunionpubs.com/kings-arms-brighton,,kemptown,9,0.4444444444444444,0.2222222222222222,0.33878089984258014,0.2222222222222222,0.20747589223580873,0.6428571428571429
node/2428501979,Shanghai Garden Restaurant,50.8214185,-0.1344849,amenity,restaurant,food,chinese,George Street,50,,,kemptown,6,0.8333333333333334,0.0,0.6674643655618032,0.8333333333333334,0.5367874992092111,0.5454545454545454
node/2428520919,The Tea Cosy,50.8211881,-0.134866,amenity,cafe,cafe,tea,George Street,,,,kemptown,5,0.6,0.4,0.2010381937026977,0.19999999999999996,0.1904662491301322,0.5
node/2428520922,Chutney Indian Take-away,50.8213236,-0.1348041,amenity,fast_food,food,indian,George Street,,,,kemptown,5,0.0,0.4,-0.5844512224197388,-0.4,-0.10953375086986776,0.5
node/2428541807,Figaros,50.8215321,-0.1346984,amenity,cafe,cafe,sandwich;breakfast,George Street,13 - 14,https://figaros-cafe-ltd.business.site/,,kemptown,6,0.16666666666666666,0.16666666666666666,-0.24671493967374167,0.0,0.08224204466375656,0.5454545454545454
node/2428555419,Cafe Bistro,50.8215744,-0.1346794,amenity,cafe,cafe,,George Street,,,,kemptown,3,0.3333333333333333,0.3333333333333333,-0.3214263121287027,0.0,0.11308281141266528,0.375
node/2428561419,Bom-Bane's,50.8219862,-0.1344892,amenity,cafe,cafe,,George Street,24,,,kemptown,7,0.5714285714285714,0.0,0.46502981015614103,0.5714285714285714,0.4087218742751102,0.5833333333333334
node/2428562846,The English Language Bookshop,50.8222141,-0.1343752,shop,books,shopping,,George Street,,,,kemptown,3,0.3333333333333333,0.3333333333333333,-0.2692858775456747,0.0,0.11308281141266528,0.375
node/2428562847,Beer Haus,50.8224538,-0.13428,amenity,pub,nightlife,,Edward Street,161,,,kemptown,4,0.25,0.25,0.44509318470954895,0.0,0.1005180545890358,0.4444444444444444
node/2428578304,Bella Bar,50.8208814,-0.1354407,amenity,restaurant,food,,St. James's Street,120,,,kemptown,5,0.6,0.0,0.25184767246246337,0.6,0.3904662491301322,0.5
node/2428578307,Cardamom,50.8208746,-0.1353495,amenity,restaurant,food,indian,St. James's Street,119,,,kemptown,3,1.0,0.0,0.9980119268099467,1.0,0.4880828114126653,0.375
node/2428580294,Afinity Bar,50.8209675,-0.1361202,amenity,bar,nightlife,,St. James's Street,129,https://www.affinitygaybar.co.uk/,Mo-Su 12:00-24:00,the_lanes,6,0.5,0.3333333333333333,0.001666943232218406,0.16666666666666669,0.17315113557284748,0.5454545454545454
node/2428808244,The Round Georges,50.8236277,-0.1204606,amenity,pub,nightlife,local,Sutherland Road,14-15,https://www.theroundgeorgesbrighton.co.uk/,"Mo-Th,Su 12:00-23:30; Fr-Sa 12:00-00:00",kemptown,5,0.2,0.2,0.567619240283966,0.0,0.09046624913013222,0.5
node/2446550998,Kebab House,50.8271267,-0.1669545,amenity,fast_food,food,kebab,,,,,hove,3,0.3333333333333333,0.0,0.9738207658131918,0.3333333333333333,0.2380828114126653,0.375
node/2446551834,Porteur,50.8285985,-0.1782837,amenity,cafe,cafe,,Church Road,210,,,hove,3,0.6666666666666666,0.3333333333333333,0.3325398763020833,0.3333333333333333,0.2380828114126653,0.375
node/2446551844,Da Silva,50.8284883,-0.1777009,amenity,cafe,cafe,,Church Road,196,,,hove,3,1.0,0.0,0.9995652039845785,1.0,0.4880828114126653,0.375
node/2446553570,Sainsbury's Local,50.8235432,-0.1425468,shop,convenience,shopping,,North Street,134-138,https://stores.sainsburys.co.uk/4680/brighton-north-street-local,Mo-Su 07:00-21:00,the_lanes,3,0.0,1.0,-0.9994157354036967,-1.0,-0.2619171885873347,0.375
node/2446571502,Persian Cuisine,50.8275137,-0.1678311,amenity,fast_food,food,,,,,,hove,4,0.5,0.0,0.4989635497331619,0.5,0.32274027681125805,0.4444444444444444
node/2450391272,Mamma Mi,50.8298265,-0.1732602,amenity,cafe,cafe,italian,George Street,35,https://mammami-hove.com/,,hove,8,0.125,0.5,-0.10478422045707703,-0.375,-0.16117980836143675,0.6153846153846154
node/2450391281,Robusto,50.8293526,-0.173483,amenity,cafe,cafe,italian,George Street,24,,Mo-Sa 08:00-17:00,hove,6,0.5,0.3333333333333333,0.3317103187243144,0.16666666666666669,0.17315113557284748,0.5454545454545454
node/2450391286,Caffè Nero,50.8299451,-0.1734799,amenity,cafe,cafe,coffee_shop,George Street,75,https://www.caffenero.com/uk/stores/hove-george-st,Mo-Fr 07:00-18:00; Sa 07:30-18:00; Su 08:00-17:00,hove,5,0.4,0.0,0.6349951982498169,0.4,0.29046624913013225,0.5
node/2450391294,Costa,50.828957,-0.1736693,amenity,cafe,cafe,coffee_shop,George Street,13-14,,,hove,9,0.4444444444444444,0.2222222222222222,0.5441732009251913,0.2222222222222222,0.20747589223580873,0.6428571428571429
node/2450402480,Superdry,50.82387,-0.143764,shop,clothes,shopping,,,,https://stores.superdry.com/gb/brighton/1-quadrant,"Mo-We,Fr,Sa 09:30-18:00; Th 09:30-19:00; Su 10:30-17:00",north_laine,8,0.5,0.25,0.24925046414136887,0.25,0.2234355762539479,0.6153846153846154
node/2469884931,Budgens,50.8270617,-0.1665123,shop,convenience,shopping,,Church Road,18,https://www.budgens.co.uk/our-stores/church-road,Mo-Sa 06:00-02:00; Su 07:00-02:00,hove,7,0.2857142857142857,0.42857142857142855,0.14128907237734115,-0.14285714285714285,-0.007944792391556479,0.5833333333333334
node/2469884932,The Bali Brasserie,50.8245307,-0.1668924,amenity,restaurant,food,thai,Queen's Gardens,,,,seafront,21,0.6190476190476191,0.14285714285714285,0.6038625637690226,0.4761904761904762,0.41941009581928157,0.8076923076923077
node/2483367258,The Wick Inn,50.826119,-0.1617703,amenity,pub,nightlife,,Western Road,63,,,hove,6,0.3333333333333333,0.3333333333333333,0.314074565966924,0.0,0.08224204466375656,0.5454545454545454
node/2496311513,M&S Simply Food,50.8288875,-0.141598,shop,supermarket,shopping,,"Main Concourse, Brighton Station",,https://www.marksandspencer.com/stores/brighton-rail-simply-food-6790,"Mo-Sa 07:00-24:00, Su 08:00-23:00",north_laine,3,0.0,0.3333333333333333,-0.33781679471333814,-0.3333333333333333,-0.011917188587334718,0.375
node/2571173026,Pink Moon,50.8224754,-0.1414663,amenity,cafe,cafe,,Ship Street,52,,Mo-We 09:00-21:00; Th-Fr 09:00-23:30; Sa 10:00-23:30; Su 10:00-19:00,the_lanes,7,0.5714285714285714,0.42857142857142855,0.14302183049065725,0.14285714285714285,0.1587218742751102,0.5833333333333334
node/2616947684,Harby's Bar and Diner,50.8206137,-0.1443071,amenity,bar,nightlife,,King's Road,60-64,,,the_lanes,5,0.2,0.4,-0.5038491368293763,-0.2,-0.009533750869867774,0.5
node/2648378395,Julien Plumart,50.826978,-0.1420942,amenity,cafe,cafe,pastry;french,Queen's Road,48,https://julienplumart.com/,Mo-Fr 07:30-19:00; Sa-Su 08:30-19:00,north_laine,4,1.0,0.0,0.998825803399086,1.0,0.5449624990334803,0.4444444444444444
node/2648378400,B At One,50.8271217,-0.1420328,shop,convenience,shopping,,Queen's Road,51,,,north_laine,4,0.5,0.0,0.4995511472225189,0.5,0.32274027681125805,0.4444444444444444
node/2652023979,Nanima Asian Kitchen & Café,50.8186144,-0.1213871,amenity,restaurant,food,asian,St. Georges Road,36,,"Tu,We 10:00-18:00; Th-Sa 10:00-21:00; Su,Mo off",kemptown,4,0.5,0.0,0.5794448703527451,0.5,0.32274027681125805,0.4444444444444444
node/2680570701,Seed'N'Sprout,50.8177612,-0.1187039,shop,supermarket,shopping,,St. Georges Road,82,,,kemptown,7,0.42857142857142855,0.14285714285714285,0.21733702080590384,0.2857142857142857,0.24205520760844354,0.5833333333333334
node/2711851689,Volks,50.8192996,-0.1327966,amenity,bar,nightlife,,Madeira Drive,3,https://www.volksclub.co.uk/,22:00 until 7:00,kemptown,8,0.5,0.125,0.48344239592552185,0.375,0.3003586531770248,0.6153846153846154
node/2901857584,Vega Express,50.8349207,-0.1769588,shop,convenience,shopping,,Sackville Road,139,,,hove,6,0.6666666666666666,0.0,0.600415845712026,0.6666666666666666,0.4458784083001202,0.5454545454545454
node/2929963596,The Exchange,50.8333931,-0.1740382,amenity,bar,nightlife,,Goldstone Street,8,,12:00-24:00,hove,7,0.2857142857142857,0.5714285714285714,-0.14541270903178624,-0.2857142857142857,-0.0912781257248898,0.5833333333333334
node/2929977756,The Urchin,50.8303489,-0.1750629,amenity,pub,nightlife,,Belfast Street,15-17,https://www.urchinpub.co.uk/,,hove,5,0.6,0.2,0.5855732917785644,0.39999999999999997,0.2904662491301322,0.5
node/2929994082,The Foragers,50.8302164,-0.176242,amenity,pub,nightlife,,Stirling Place,3,,12:00-24:00,hove,4,0.5,0.0,0.5037020742893219,0.5,0.32274027681125805,0.4444444444444444
node/2949559933,Olive Grove,50.822241,-0.14037,amenity,restaurant,food,mediterranean,Meeting House Lane,13-18,https://www.olivegrove-brighton.co.uk/,,the_lanes,6,0.3333333333333333,0.16666666666666666,0.30066220959027606,0.16666666666666666,0.17315113557284748,0.5454545454545454
node/3060798935,Bella Union,50.82471,-0.141537,shop,music,shopping,,Church Street,25,,,north_laine,5,0.4,0.4,0.1964607596397399,0.0,0.09046624913013222,0.5
node/3076677583,H&M,50.8234539,-0.1456923,shop,clothes,shopping,,,,,,the_lanes,5,0.0,0.4,-0.21097884178161624,-0.4,-0.10953375086986776,0.5
node/3076677584,Charity Super.Mkt,50.8235351,-0.1462936,shop,clothes,shopping,,,,,,the_lanes,5,0.4,0.0,-0.03655328750610354,0.4,0.29046624913013225,0.5
node/3076677585,McDonald's,50.8229757,-0.1454397,amenity,fast_food,food,burger,,,https://www.mcdonalds.com/gb/en-gb/location/brighton/brighton---churchill-square/churchill-square-shopping-centre/8260888.html,Mo-We 08:30-18:00; Th-Sa 08:30-19:00; Su 11:00-17:00,the_lanes,4,0.75,0.25,0.50014528632164,0.5,0.32274027681125805,0.4444444444444444
node/3222933630,Smart Brighton Beach,50.8208989,-0.1443607,tourism,hostel,accommodation,,,,,,the_lanes,4,0.5,0.0,0.07599249482154849,0.5,0.32274027681125805,0.4444444444444444
node/3222933631,The Grapevine,50.820704,-0.143206,tourism,hostel,accommodation,,,,,,the_lanes,6,0.3333333333333333,0.0,0.5884064535299937,0.3333333333333333,0.2640602264819384,0.5454545454545454
node/3339577561,The Basketmakers Arms,50.8266054,-0.1368787,amenity,pub,nightlife,,Gloucester Road,12,https://www.basket-makers-brighton.co.uk/,,north_laine,4,0.5,0.0,0.41957826912403107,0.5,0.32274027681125805,0.4444444444444444
node/3374202326,Subway,50.8200504,-0.118136,amenity,fast_food,food,sandwich,Eastern Road,,https://restaurants.subway.com/united-kingdom/en/brighton/rsch-royal-sussex-county-hospital-eastern-road,,kemptown,10,0.2,0.4,-0.41560317277908326,-0.2,-0.07302250057991184,0.6666666666666666
node/3374202327,Costa,50.8200013,-0.1181816,amenity,cafe,cafe,coffee_shop,,,,,kemptown,3,0.6666666666666666,0.0,0.9944253961245219,0.6666666666666666,0.3630828114126653,0.375
node/3693306036,Ikigai Coffee,50.8264505,-0.1423045,amenity,cafe,cafe,cake,Queen's Road,37,,"Mo,We-Fr 08:30-17:00; Sa-Su 09:00-17:30; Tu off",north_laine,5,0.6,0.0,0.21177273988723755,0.6,0.3904662491301322,0.5
node/3693306039,Beijing House,50.8263508,-0.1423459,amenity,restaurant,food,chinese,Queen's Road,35,,,north_laine,3,0.6666666666666666,0.3333333333333333,0.3326821128527324,0.3333333333333333,0.2380828114126653,0.375
node/3801823494,Costa,50.8286203,-0.1765277,amenity,cafe,cafe,coffee_shop,Church Road,,,,hove,11,0.6363636363636364,0.09090909090909091,0.6525759913704612,0.5454545454545454,0.43154140570633265,0.6875
node/3932216834,sixty four degrees,50.8217016,-0.1409427,amenity,restaurant,food,,Meeting House Lane,53,https://64degrees.co.uk/,"12:00 - 15:00, 18:00 - 21:45",the_lanes,3,0.0,0.6666666666666666,-0.9944474697113037,-0.6666666666666666,-0.1369171885873347,0.375
node/3932216836,Gars,50.8212017,-0.1407979,amenity,restaurant,food,chinese,Prince Albert Street,19,,,the_lanes,4,0.25,0.25,0.49490123987197876,0.0,0.1005180545890358,0.4444444444444444
node/4068921086,Tiger Lounge,50.8333506,-0.186638,amenity,fast_food,food,chinese,Portland Road,182,https://take-a-way.co.uk/menu/2073/Tiger%20Lounge%20-%20Hove/,,hove,5,0.2,0.0,0.19678920507431036,0.2,0.19046624913013224,0.5
node/4069076099,Curry Mahal,50.8337738,-0.187788,amenity,restaurant,food,indian,Portland Road,169 - 173,https://take-a-way.co.uk/menu/2054/Curry%20Mahal%20-%20Hove/,,hove,4,0.25,0.25,0.004851713776588384,0.0,0.1005180545890358,0.4444444444444444
node/4080261877,Express Pizza And Chicken,50.8333263,-0.1862549,amenity,fast_food,food,pizza;burger;chicken,Portland Road,172,,,hove,5,0.6,0.2,0.2090356945991516,0.39999999999999997,0.2904662491301322,0.5
node/4080269156,Gourmet Grill,50.8327055,-0.1813565,amenity,fast_food,food,burger;kebab;pizza,Portland Road,84,,,hove,4,0.0,0.0,0.003311336040496826,0.0,0.1005180545890358,0.4444444444444444
node/4080274530,Rebecca's Kitchen,50.8337168,-0.1896178,amenity,restaurant,food,pizza;asian;grill,Portland Road,238,,,hove,4,0.5,0.0,0.5290009379386902,0.5,0.32274027681125805,0.4444444444444444
node/4080306704,Pit and Pal,50.8328083,-0.1821652,amenity,fast_food,food,,Portland Road,96,,,hove,4,0.5,0.25,0.4983958303928375,0.25,0.21162916570014692,0.4444444444444444
node/4167198066,Royal Pavilion Shop,50.8221627,-0.1381164,shop,gift,shopping,,Pavilion Buildings,,,,the_lanes,4,0.5,0.25,0.0028735399246214988,0.25,0.21162916570014692,0.4444444444444444
node/4224405291,The Royal Pavilion Rooms,50.8221101,-0.1381595,amenity,cafe,cafe,,Pavilion Buildings,5,https://www.thebotanistcoffee.co.uk/,,the_lanes,3,0.3333333333333333,0.3333333333333333,0.33254071076711017,0.0,0.11308281141266528,0.375
node/4319037890,Gallery40,50.8270417,-0.1398489,tourism,gallery,culture,,Gloucester Road,40,,,north_laine,6,0.3333333333333333,0.6666666666666666,-0.3324583768844605,-0.3333333333333333,-0.09957613715442525,0.5454545454545454
node/4349886489,Pavilion Tea Rooms,50.8226809,-0.137673,amenity,cafe,cafe,,Pavilion Buildings,,,Oct-Mar 10:30-16:30; Apr-Sep 10:00-17:00,the_lanes,8,0.5,0.0,0.4509888365864754,0.5,0.37728173010010174,0.6153846153846154
node/4437594540,The Record Album,50.8290983,-0.1417777,shop,music,shopping,,Terminus Road,8,https://www.therecordalbum.com/,,north_laine,9,0.5555555555555556,0.1111111111111111,0.1139515373441908,0.4444444444444445,0.3503330350929516,0.6428571428571429
node/4469765489,Real Greek Gyros,50.8208627,-0.1351985,amenity,restaurant,food,greek,St. James's Street,116-117,,,kemptown,4,0.25,0.5,-0.48624058067798615,-0.25,-0.010593056522075305,0.4444444444444444
node/4472358293,The Sussex Cricketer,50.8299249,-0.1648657,amenity,pub,nightlife,,Eaton Road,,https://thesussexcricketer.pub/,,hove,7,0.14285714285714285,0.42857142857142855,0.08611137526375907,-0.2857142857142857,-0.0912781257248898,0.5833333333333334
node/4472598590,Richard's Cafe,50.8279788,-0.1716805,amenity,cafe,cafe,,Church Road,113A,,,hove,5,0.4,0.2,0.19640241861343388,0.2,0.19046624913013224,0.5
node/4473441769,Reporter Menswear,50.821147,-0.1406831,shop,clothes,shopping,,Prince Albert Street,20,,,the_lanes,6,0.5,0.16666666666666666,0.36227452754974365,0.33333333333333337,0.2640602264819384,0.5454545454545454
node/4473441771,Shogun Ramen,50.8215423,-0.1413428,amenity,restaurant,food,japanese,Prince Albert Street,13,,,the_lanes,3,0.3333333333333333,0.0,0.34259180227915437,0.3333333333333333,0.2380828114126653,0.375
node/4473441772,Plateau,50.820986,-0.1398514,amenity,restaurant,food,international,Bartholomews,1,,,the_lanes,5,0.4,0.4,0.19699767827987674,0.0,0.09046624913013222,0.5
node/4473467187,Lucky Voice,50.8207405,-0.1413909,amenity,bar,nightlife,,Black Lion Street,8,,"Mo-Fr 16:00-02:00, Sa-Su 15:00-02:00",the_lanes,10,0.4,0.4,-0.0005145490169524925,0.0,0.06031083275342149,0.6666666666666666
node/4473726789,Chicks N Chips,50.8202608,-0.1391107,amenity,restaurant,food,chicken,East Street,15,,,the_lanes,5,0.0,0.4,-0.4906804323196411,-0.4,-0.10953375086986776,0.5
node/4496535296,Balinese House,50.8200912,-0.1389,amenity,restaurant,food,asian,Pool Valley,3-4,https://balinesehouse.com/,,the_lanes,3,0.3333333333333333,0.3333333333333333,0.32219092051188153,0.0,0.11308281141266528,0.375
node/4496535300,Barley Mow,50.818641,-0.1220246,amenity,pub,nightlife,,St. Georges Road,92,,,kemptown,3,0.0,0.3333333333333333,-0.19984694321950272,-0.3333333333333333,-0.011917188587334718,0.375
node/4569143976,Primal,50.8205617,-0.1440221,amenity,fast_food,food,,King's Road,56,,,the_lanes,7,0.2857142857142857,0.14285714285714285,0.14939521891730173,0.14285714285714285,0.1587218742751102,0.5833333333333334
node/4569143977,S. V. News,50.8205396,-0.1438719,shop,convenience,shopping,,King's Road,54,,,the_lanes,3,0.3333333333333333,0.0,0.3333852291107178,0.3333333333333333,0.2380828114126653,0.375
node/4569143978,Burger King,50.8204202,-0.1429815,amenity,fast_food,food,burger,King's Road,,https://locations.burgerking.co.uk/brighton/43-45-kings-road,,the_lanes,9,0.4444444444444444,0.4444444444444444,-0.10720761617024742,0.0,0.06461874937866588,0.6428571428571429
node/4569143979,Buddies Plaice,50.8204896,-0.1432524,amenity,fast_food,food,fish_and_chips,King's Road,49-50,,,the_lanes,4,0.75,0.0,0.9963158071041107,0.75,0.43385138792236916,0.4444444444444444
node/4569163895,King Of Rock,50.8203608,-0.1426435,shop,gift,shopping,,King's Road,40,,,the_lanes,5,0.4,0.2,0.52310231924057,0.2,0.19046624913013224,0.5
node/4569163896,Kings Road Rock,50.8205515,-0.1439577,shop,gift,shopping,,King's Road,55,,,the_lanes,5,0.4,0.0,0.19200452566146847,0.4,0.29046624913013225,0.5
node/4570482909,Bagelman,50.823491,-0.1403467,amenity,fast_food,food,bagel,Bond Street,7,,,the_lanes,3,0.3333333333333333,0.3333333333333333,-0.330236295859019,0.0,0.11308281141266528,0.375
node/4570482910,Bond Street Coffee,50.8239852,-0.140126,amenity,cafe,cafe,coffee_shop;pastry;cake,Bond Street,15,https://bondstreet.coffee/,Mo-Fr 08:00-17:00; Sa 09:00-17:00; Su 10:00-17:00,north_laine,8,0.375,0.125,0.45638100057840353,0.25,0.2234355762539479,0.6153846153846154
node/4570482911,Lavender Room,50.824058,-0.1401267,shop,gift,shopping,,Bond Street,16,https://www.lavender-room.co.uk/,,north_laine,4,0.5,0.0,0.041865378618240356,0.5,0.32274027681125805,0.4444444444444444
node/4573023875,Fogo de Chão,50.821904,-0.1440442,amenity,restaurant,food,brazilian;steak_house,West Street,65,,,the_lanes,6,0.3333333333333333,0.3333333333333333,0.04803430040677392,0.0,0.08224204466375656,0.5454545454545454
node/4573023876,Cheeky Chicken,50.8223684,-0.1439248,amenity,fast_food,food,fried_chicken,West Street,60,,,the_lanes,5,0.6,0.0,0.5994236588478088,0.6,0.3904662491301322,0.5
node/4573065447,Tortilla,50.8231407,-0.1439598,amenity,fast_food,food,tex-mex,West Street,37,https://www.tortilla.co.uk/restaurants/brighton,,the_lanes,7,0.2857142857142857,0.2857142857142857,-0.08940895114626202,0.0,0.07538854094177685,0.5833333333333334
node/4573065448,Spinkles Gelato,50.8227822,-0.1441154,amenity,ice_cream,cafe,,West Street,33,,,the_lanes,4,0.25,0.5,-0.4894784390926361,-0.25,-0.010593056522075305,0.4444444444444444
node/4573065449,Subway,50.8221401,-0.1443622,amenity,fast_food,food,sandwich,West Street,20,https://restaurants.subway.com/united-kingdom/en/brighton/20-west-street,,the_lanes,9,0.6666666666666666,0.0,0.5731946428616842,0.6666666666666666,0.49319017795009445,0.6428571428571429
node/4573065450,Nuposto,50.8215063,-0.1446143,amenity,restaurant,food,pizza,West Street,12-14,,,the_lanes,4,0.75,0.25,0.49904952943325037,0.5,0.32274027681125805,0.4444444444444444
node/4574887836,Martin's Burger House,50.8201491,-0.1393687,amenity,restaurant,food,,East Street,8,https://martinsburgerhouse.com/,,the_lanes,5,1.0,0.0,0.9993289113044739,1.0,0.5904662491301322,0.5
node/4574887837,Barbour,50.8202284,-0.1393798,shop,clothes,shopping,,East Street,10,,,the_lanes,6,0.3333333333333333,0.5,9.779135386150939e-05,-0.16666666666666669,-0.00866704624533434,0.5454545454545454
node/4574887838,Terre A Terre,50.8201954,-0.1390968,amenity,restaurant,food,international,East Street,71,https://terreaterre.co.uk/,"Mo,Tu 17:00-20:30; We,Th 12:00-15:00,17:00-20:30; Sa 12:00-21:30; Fr 12:00-15:00,17:00-21:30; Su,PH 12:00-20:30",the_lanes,4,0.25,0.75,-0.49885921180248266,-0.5,-0.12170416763318641,0.4444444444444444
node/4574887839,Bharat's,50.8201428,-0.1390834,shop,convenience,shopping,,East Street,72-73,,,the_lanes,7,0.2857142857142857,0.14285714285714285,0.3722062962395804,0.14285714285714285,0.1587218742751102,0.5833333333333334
node/4574887840,Dirty Blonde,50.8197675,-0.138956,amenity,bar,nightlife,,East Street,78,,,the_lanes,5,0.2,0.2,0.20595455169677734,0.0,0.09046624913013222,0.5
node/4574887841,Kindling,50.8203105,-0.139125,amenity,restaurant,food,,East Street,69,,,the_lanes,3,0.3333333333333333,0.0,0.3489132722218831,0.3333333333333333,0.2380828114126653,0.375
node/4574887843,Reiss,50.8204682,-0.1391585,shop,clothes,shopping,,East Street,67,,,the_lanes,5,0.4,0.4,0.1883222103118897,0.0,0.09046624913013222,0.5
node/4574887844,English's of Brighton,50.8211688,-0.1394764,amenity,restaurant,food,seafood,East Street,29-31,https://www.englishs.co.uk/,,the_lanes,5,0.2,0.2,-0.5630780935287475,0.0,0.09046624913013222,0.5
node/4574887846,Coast,50.8211764,-0.1393044,amenity,restaurant,food,grill,East Street,28,,,the_lanes,3,0.3333333333333333,0.6666666666666666,-0.33116487661997474,-0.3333333333333333,-0.011917188587334718,0.375
node/4574887848,Artbox Cafe,50.8200429,-0.1393607,amenity,ice_cream,cafe,,East Street,5 - 6,,,the_lanes,3,0.0,0.3333333333333333,-0.9473388989766439,-0.3333333333333333,-0.011917188587334718,0.375
node/4574887851,Wear London,50.8205885,-0.1391934,shop,clothes,shopping,,East Street,65,,,the_lanes,4,0.5,0.25,0.11578151583671564,0.25,0.21162916570014692,0.4444444444444444
node/4574887853,Dishoom Permit Room,50.8212238,-0.1395631,amenity,restaurant,food,indian,East Street,31a-32,,,the_lanes,5,0.0,0.6,-0.989119029045105,-0.6,-0.20953375086986775,0.5
node/4577032976,Lucy & Yak,50.8217752,-0.1416386,shop,clothes,shopping,,Ship Street,59,https://lucyandyak.com/,Mo-Sa 10:00-18:00; Su 11:00-17:00,the_lanes,3,0.3333333333333333,0.0,0.4148431420326233,0.3333333333333333,0.2380828114126653,0.375
node/4577032977,Goldsboro Books,50.8219083,-0.1417464,shop,books,shopping,,Ship Street,22b,https://www.goldsborobooks.com/,,the_lanes,6,0.6666666666666666,0.0,0.9791482090950012,0.6666666666666666,0.4458784083001202,0.5454545454545454
node/4577032978,Fred Perry,50.8221322,-0.1417274,shop,clothes,shopping,,Dukes Lane,2,,"Mo-Sa 10:00-18:00, Sa 11:00-17:00",the_lanes,8,0.75,0.25,0.4997298866510391,0.5,0.37728173010010174,0.6153846153846154
node/4577032979,Namo,50.8220797,-0.141716,amenity,restaurant,food,thai,Ship Street,24,https://www.namoeat.co.uk/general-1,,the_lanes,4,0.0,0.75,-0.5057328939437866,-0.75,-0.23281527874429753,0.4444444444444444
node/4577032985,Flat Iron,50.8225209,-0.1419214,amenity,restaurant,food,steak_house,Ship Street,34,https://flatironsteak.co.uk/restaurant/brighton/,,the_lanes,9,0.2222222222222222,0.3333333333333333,-0.33714132838779026,-0.1111111111111111,-0.006809822049905553,0.6428571428571429
node/4577369222,Granny's Café,50.821669,-0.1417114,amenity,cafe,cafe,,Ship Street,59D,,Mo-Sa 08:00-17:30; Su off,the_lanes,8,0.125,0.625,-0.49825037270784384,-0.5,-0.23810288528451368,0.6153846153846154
node/4577369223,Taro,50.8216116,-0.1417199,amenity,restaurant,food,japanese,Ship Street,60,https://tarorestaurants.uk/locations/brighton/,,the_lanes,4,0.25,0.5,-0.48946179449558264,-0.25,-0.010593056522075305,0.4444444444444444
node/4577369224,Noori's,50.820547,-0.1421895,amenity,restaurant,food,indian,Ship Street,70-71,,,the_lanes,4,0.25,0.0,0.48734010756015783,0.25,0.21162916570014692,0.4444444444444444
node/4577369226,The Lanes Shop,50.8231196,-0.1415626,shop,gift,shopping,,North Street,38-39,,,the_lanes,4,0.5,0.25,0.49741680920124054,0.25,0.21162916570014692,0.4444444444444444
node/4577369228,covet,50.822962,-0.1417004,shop,clothes,shopping,,Ship Street,37,,,the_lanes,5,0.4,0.4,0.18433650732040407,0.0,0.09046624913013222,0.5
node/4577369229,Pizza Pilgrims,50.8228366,-0.1418311,amenity,restaurant,food,pizza,Ship Street,35,,,the_lanes,7,0.5714285714285714,0.2857142857142857,0.15840033973966322,0.2857142857142857,0.24205520760844354,0.5833333333333334
node/4577405062,Embers,50.8216662,-0.1404766,amenity,restaurant,food,,Meeting House Lane,42,https://embersbrighton.co.uk/,,the_lanes,4,0.5,0.25,0.005022227764129639,0.25,0.21162916570014692,0.4444444444444444
node/4577405063,Rybka,50.8216433,-0.1404082,amenity,restaurant,food,fish_and_chips,Meeting House Lane,41,https://www.rybka.fish/,"Th,Fr 12:00-21:00; Sa 12:00-22:00; Su 12:00-17:00",the_lanes,3,1.0,0.0,0.9996743599573771,1.0,0.4880828114126653,0.375
node/4577439455,The Black Horse,50.824066,-0.1386628,amenity,pub,nightlife,,Church Street,112,https://www.craftunionpubs.com/black-horse-brighton,,north_laine,5,0.4,0.0,0.22737914323806763,0.4,0.29046624913013225,0.5
node/4577439456,Salt Shed,50.8240744,-0.1387262,amenity,restaurant,food,meat,Church Street,111,https://www.salt-shed.co.uk/brighton,,north_laine,4,0.0,0.5,-0.8897780179977417,-0.5,-0.12170416763318641,0.4444444444444444
node/4728473190,Kenny’s Rock and Soul Cafe,50.8257794,-0.1389364,amenity,cafe,cafe,burger;breakfast;coffee_shop;english,Kensington Gardens,1A,,,north_laine,4,1.0,0.0,0.9985300898551941,1.0,0.5449624990334803,0.4444444444444444
node/4730393495,Subway,50.8233049,-0.1412364,amenity,fast_food,food,sandwich,North Street,146,https://restaurants.subway.com/united-kingdom/en/brighton/146-north-st,24/7,the_lanes,6,0.3333333333333333,0.16666666666666666,0.2714724044005076,0.16666666666666666,0.17315113557284748,0.5454545454545454
node/4730599626,coffeetzar,50.8281308,-0.1368904,amenity,cafe,cafe,cake;coffee_shop;tea,Trafalgar Street,97,,,north_laine,4,0.25,0.5,-0.49158743023872375,-0.25,-0.010593056522075305,0.4444444444444444
node/4791516253,Breakfast At Tiffany's,50.8255276,-0.1388467,amenity,cafe,cafe,breakfast,North Road,22,,,north_laine,5,0.4,0.0,0.5899997234344483,0.4,0.29046624913013225,0.5
node/4815148824,Seaside Kebab,50.8199685,-0.1398812,amenity,fast_food,food,kebab,Kings Road,12 - 14,,,the_lanes,4,0.0,0.5,-0.9745123833417892,-0.5,-0.12170416763318641,0.4444444444444444
node/4815148828,Quadrophenia Alley,50.8202969,-0.1393801,shop,clothes,shopping,,East Street,11,,,the_lanes,3,0.0,1.0,-0.9995005130767822,-1.0,-0.2619171885873347,0.375
node/4815200259,Sabai,50.8225154,-0.1389943,amenity,restaurant,food,,Prince's Place,165-169,https://www.sabaibrighton.co.uk/,,the_lanes,3,0.6666666666666666,0.0,0.9061040282249451,0.6666666666666666,0.3630828114126653,0.375
node/4866289391,Milk No Sugar,50.8285023,-0.1395616,amenity,cafe,cafe,noodles;vietnamese,Trafalgar Street,68,https://www.cafemilknosugar.com/,Mo-Sa 11:45-20:00; Su 11:45-18:00,north_laine,10,0.3,0.2,-0.3781700074672699,0.09999999999999998,0.12697749942008812,0.6666666666666666
node/4866289392,Caffe Aldo,50.8283602,-0.1386415,amenity,restaurant,food,,Trafalgar Street,77,,,north_laine,8,0.625,0.25,0.251682847738266,0.375,0.3003586531770248,0.6153846153846154
node/4866289394,All About Audrey,50.8281941,-0.1382935,shop,clothes,shopping,,Trafalgar Street,27,,,north_laine,8,0.625,0.25,0.2566795796155929,0.375,0.3003586531770248,0.6153846153846154
node/4866289395,Mange Tout,50.8282967,-0.138146,amenity,restaurant,food,,Trafalgar Street,81,https://www.mangetoutbrighton.co.uk,,north_laine,6,0.6666666666666666,0.0,0.6518430213133494,0.6666666666666666,0.4458784083001202,0.5454545454545454
node/4866289397,Kitchen Cafe,50.8281714,-0.1371557,amenity,cafe,cafe,breakfast,Trafalgar Street,93,,Mo-Fr 07:30-14:00; Sa 08:00-14:00; Su off,north_laine,9,0.4444444444444444,0.3333333333333333,0.11591743760638762,0.1111111111111111,0.1360473208072373,0.6428571428571429
node/4866289398,Meating Point,50.8282354,-0.1368774,amenity,cafe,cafe,,Pelham Street,1B,,,north_laine,7,0.2857142857142857,0.14285714285714285,0.11830243042537145,0.14285714285714285,0.1587218742751102,0.5833333333333334
node/4866289403,Cloud 9,50.8267935,-0.1385032,amenity,cafe,cafe,coffee_shop,Kensington Gardens,15A,,,north_laine,12,0.6666666666666666,0.08333333333333333,0.6559420526027679,0.5833333333333333,0.46498014654713654,0.7058823529411765
node/4866289404,Lucy & Yak,50.8266923,-0.1384354,shop,clothes,shopping,,Kensington Gardens,18,,Mo-Sa 10:00-18:00; Su 11:00-17:00,north_laine,5,0.6,0.0,0.6026049494743347,0.6,0.3904662491301322,0.5
node/4866289406,Resident Records,50.826258,-0.1386329,shop,music,shopping,,Kensington Gardens,27-28,https://www.resident-music.com/,,north_laine,4,0.0,0.25,-0.004564031958579989,-0.25,-0.010593056522075305,0.4444444444444444
node/4866289407,Trading Post Coffee Roasters,50.8257303,-0.1388276,amenity,cafe,cafe,coffee_shop,Kensington Gardens,40,https://www.tradingpostcoffee.co.uk/pages/trading-post-coffee-roasters-brighton-kensington-gardens,,north_laine,6,0.6666666666666666,0.16666666666666666,0.3452470401922862,0.5,0.3549693173910293,0.5454545454545454
node/4866289413,Kooks,50.8244262,-0.1396357,amenity,restaurant,food,brunch;cake,Gardner Street,56,https://www.kooksrestaurant.com/,,north_laine,6,0.16666666666666666,0.3333333333333333,-0.6067563891410829,-0.16666666666666666,-0.00866704624533434,0.5454545454545454
node/4866289414,Animal,50.8238809,-0.1402434,shop,clothes,shopping,,Bond Street,13,,,north_laine,5,0.6,0.2,0.5039317607879639,0.39999999999999997,0.2904662491301322,0.5
node/4866289416,DRNK,50.8203921,-0.1424341,amenity,cafe,cafe,,Ship Street,2,,,the_lanes,3,0.3333333333333333,0.3333333333333333,-0.32302379608154297,0.0,0.11308281141266528,0.375
node/4866289418,Yoga In The Lanes,50.8225954,-0.1400261,leisure,fitness_centre,outdoor,,,,,,the_lanes,5,0.6,0.0,0.9713491201400757,0.6,0.3904662491301322,0.5
node/4868318849,The Plant Room,50.8219947,-0.1403101,amenity,cafe,cafe,coffee_shop,Brighton Square,17-18,,,the_lanes,3,0.3333333333333333,0.3333333333333333,-0.30953784783681243,0.0,0.11308281141266528,0.375
node/4886571919,Crêpeaffaire,50.821374,-0.1393341,amenity,restaurant,food,crepe,East Street,35,https://crepeaffaire.com/locations/2017/brighton,Mo-Th 09:00-18:00; Fr 09:00-19:00; Sa 09:00-20:00; Su 10:00-18:00,the_lanes,6,0.5,0.3333333333333333,0.006920983393986964,0.16666666666666669,0.17315113557284748,0.5454545454545454
node/4947460768,FitLab,50.8252742,-0.1783793,leisure,fitness_centre,outdoor,,,,https://fitlab.uk/,,seafront,27,0.48148148148148145,0.1111111111111111,0.18669782523755674,0.37037037037037035,0.3407707028531663,0.84375
node/5005221878,Brighton Zip Line,50.8189674,-0.1342923,tourism,attraction,culture,,Madeira Drive,,https://brightonzip.com/,,kemptown,8,0.625,0.25,0.4887043908238411,0.375,0.3003586531770248,0.6153846153846154
node/5155538023,Brighton Chippy,50.8289298,-0.1418012,amenity,fast_food,food,fish_and_chips,Terminus Road,4,https://www.brightonchippy.co.uk/,,north_laine,10,0.6,0.3,0.37146655917167665,0.3,0.2603108327534215,0.6666666666666666
node/5203832922,Junkyard Dogs,50.8220288,-0.1314068,amenity,cafe,cafe,,Edward Street,142-143,,,kemptown,11,0.6363636363636364,0.09090909090909091,0.49981027299707587,0.5454545454545454,0.43154140570633265,0.6875
node/5298458921,7Bone,50.8228726,-0.1428739,amenity,fast_food,food,burger,Duke Street,33,,,the_lanes,6,0.16666666666666666,0.6666666666666666,-0.33586013317108154,-0.5,-0.19048522806351614,0.5454545454545454
node/5389814339,Envy,50.8200223,-0.1355884,amenity,nightclub,nightlife,,Marine Parade,8-9,,,kemptown,8,0.375,0.125,0.24168533831834793,0.25,0.2234355762539479,0.6153846153846154
node/5459308926,The Charm Brighton Boutique Hotel,50.8201031,-0.1313901,tourism,hotel,accommodation,,New Steine,20-21,https://www.thecharmbrighton.co.uk/home.html,Mo-Fr 07:30-21:00; Sa-Su 07:30-22:00,kemptown,3,0.6666666666666666,0.3333333333333333,0.33369340499242145,0.3333333333333333,0.2380828114126653,0.375
node/5464548182,Sea Spray Brighton Luxury Hotel,50.819869,-0.1314437,tourism,hotel,accommodation,,New Steine,"25,26",https://www.seaspraybrighton.co.uk/,Mo-Fr 07:30-21:00; Sa-Su 07:30-22:00,kemptown,6,0.16666666666666666,0.5,-0.2563242614269256,-0.33333333333333337,-0.09957613715442525,0.5454545454545454
node/5639716289,Fold,50.8281049,-0.1376477,shop,clothes,shopping,,Trafalgar Street,20,,,north_laine,7,0.42857142857142855,0.14285714285714285,0.15470369373049062,0.2857142857142857,0.24205520760844354,0.5833333333333334
node/5639731765,Kitokito,50.828076,-0.1374582,amenity,fast_food,food,japanese;poke,Trafalgar Street,19,,Mo-Fr 11:30-16:00; Sa-Su 12:00-16:00,north_laine,4,0.25,0.75,-0.49886819720268244,-0.5,-0.12170416763318641,0.4444444444444444
node/5639759316,Fatto a Mano,50.8268231,-0.1383906,amenity,restaurant,food,pizza,Gloucester Road,25,https://www.fattoamanopizza.com/,Mo-Th 12:00-22:00; Fr-Sa 12:00-22:30; Su 12:00-21:30,north_laine,9,0.7777777777777778,0.2222222222222222,0.5555240114529928,0.5555555555555556,0.421761606521523,0.6428571428571429
node/5639759317,Down to Earth coffee,50.8266517,-0.1384531,amenity,cafe,cafe,donut,Kensington Gardens,19,,,north_laine,4,1.0,0.0,0.9997839480638504,1.0,0.5449624990334803,0.4444444444444444
node/5639759318,To Be Worn Again,50.8266738,-0.1385724,shop,clothes,shopping,,Kensington Gardens,12,https://tobewornagain.co.uk/,Mo-Su 09:00-18:00,north_laine,9,0.3333333333333333,0.3333333333333333,-0.31291126542621195,0.0,0.06461874937866588,0.6428571428571429
node/5640104160,Sushimania,50.821448,-0.1433222,amenity,restaurant,food,sushi;japanese,Middle Street,15-17,https://sushimania.co.uk/location/brighton/,,the_lanes,3,0.3333333333333333,0.3333333333333333,-0.32961658636728924,0.0,0.11308281141266528,0.375
node/5640104161,The Hop Poles,50.8212933,-0.1432811,amenity,pub,nightlife,,Middle Street,13,,,the_lanes,4,0.75,0.25,0.5004751980304718,0.5,0.32274027681125805,0.4444444444444444
node/5640217601,Franco Manca,50.8243277,-0.1394059,amenity,restaurant,food,pizza,Regent Street,1-2,https://www.francomanca.co.uk/restaurants/brighton/,,north_laine,6,0.5,0.0,0.6640173494815826,0.5,0.3549693173910293,0.5454545454545454
node/5673337811,Flour Pot Bakery,50.8267703,-0.1658361,shop,bakery,cafe,,First Avenue,41,,Mo-Sa 07:00-17:00; Su 07:30-16:30,hove,5,0.6,0.4,0.19936977624893187,0.19999999999999996,0.1904662491301322,0.5
node/5775312724,Oseta Cafe,50.8257509,-0.1401268,amenity,cafe,cafe,,North Road,34,,,north_laine,7,0.14285714285714285,0.2857142857142857,0.1208358577319554,-0.14285714285714285,-0.007944792391556479,0.5833333333333334
node/5793303947,JB's American Diner,50.820328,-0.1415182,amenity,restaurant,food,american,King's Road,31,,,the_lanes,4,0.25,0.5,-0.004890158772468539,-0.25,-0.010593056522075305,0.4444444444444444
node/5848426485,Victoria's Secret,50.8226294,-0.1460338,shop,clothes,shopping,,,,,,the_lanes,5,0.0,0.0,0.11697483062744138,0.0,0.09046624913013222,0.5
node/5848728526,The Winkle,50.8205838,-0.1460799,amenity,restaurant,food,seafood,King's Road Arches,139,https://thewinkle.co.uk/i,Mo-Su 12:00-22:00,the_lanes,3,0.3333333333333333,0.3333333333333333,-0.21035550038019815,0.0,0.11308281141266528,0.375
node/5861228612,JD Sports,50.8234839,-0.1458906,shop,clothes,shopping,,Churchill Square,,https://www.jdsports.co.uk/store-locator/brighton/1473/,,the_lanes,4,0.25,0.25,0.066212147474289,0.0,0.1005180545890358,0.4444444444444444
node/5981480455,Wolfox Orient Express,50.8289836,-0.1415731,amenity,cafe,cafe,coffee,Queens Road,,https://www.wolfox.coffee/,,north_laine,7,0.5714285714285714,0.0,0.463651818888528,0.5714285714285714,0.4087218742751102,0.5833333333333334
node/5981480456,West Cornwall Pasty Co.,50.8288485,-0.1408287,amenity,fast_food,food,pasty,Queen's Road,,,Mo-Su 06:00-21:00,north_laine,5,0.2,0.6,-0.20231170654296876,-0.39999999999999997,-0.10953375086986776,0.5
node/5981480578,FCB Coffee,50.8289188,-0.141112,amenity,cafe,cafe,coffee_shop,Queen's Road,,https://www.fcbcoffee.com/stores/brighton-kiosk,,north_laine,5,0.4,0.2,0.5952038168907164,0.2,0.19046624913013224,0.5
node/5981480580,Pret A Manger,50.8288609,-0.1405319,amenity,fast_food,food,sandwich,Trafalgar Arches,Unit 2-3,,Mo 08:00-17:00; Tu-Fr 07:00-15:30; Sa 08:00-15:30; Su 07:30-15:30,north_laine,4,0.25,0.5,-0.49343782663345337,-0.25,-0.010593056522075305,0.4444444444444444
node/6007562371,Pull & Bear,50.8223733,-0.1456209,shop,clothes,shopping,,,,,,the_lanes,3,1.0,0.0,0.9997847080230713,1.0,0.4880828114126653,0.375
node/6007562378,Family Store,50.8260459,-0.1387021,shop,clothes,shopping,,Kensington Gardens,33,https://familystoreuk.com/,,north_laine,5,0.2,0.2,-0.5148663997650147,0.0,0.09046624913013222,0.5
node/6007562380,Oxfam Bookshop,50.8261736,-0.1386491,shop,books,shopping,,Kensington Gardens,30,https://www.oxfam.org.uk/shops/oxfam-bookshop-brighton/,Mo-Sa 10:00-17:30; Su 11:00-14:00,north_laine,8,0.5,0.25,0.248747318983078,0.25,0.2234355762539479,0.6153846153846154
node/6007562771,Infinity Foods,50.8255468,-0.1390322,shop,convenience,shopping,,North Road,25,https://infinityfoodsretail.coop/our-shop/,Mo-Sa 09:30-18:00; Su 11:00-17:00,north_laine,3,0.3333333333333333,0.6666666666666666,-0.33319981892903644,-0.3333333333333333,-0.011917188587334718,0.375
node/6127062486,The Ivy,50.8227512,-0.1415527,amenity,restaurant,food,british,Ship Street,51A,,,the_lanes,4,0.75,0.25,0.5001701861619949,0.5,0.32274027681125805,0.4444444444444444
node/6194779218,Cafe Coho,50.8224236,-0.1414917,amenity,cafe,cafe,coffee_shop;cake,Ship Street,53,https://www.cafecoho.co.uk/brighton/,Su-Fr 08:00-18:00; Sa 08:30-19:00,the_lanes,7,0.42857142857142855,0.42857142857142855,0.1409972310066223,0.0,0.07538854094177685,0.5833333333333334
node/6194779219,The Ivy Asia,50.8225884,-0.1416125,amenity,restaurant,food,asian,Ship Street,,https://theivyasiabrighton.com/,,the_lanes,6,0.3333333333333333,0.5,-0.33076973756154376,-0.16666666666666669,-0.00866704624533434,0.5454545454545454
node/6194779220,Profile,50.8222157,-0.1417251,shop,clothes,shopping,,Dukes Lane,,,,the_lanes,3,0.3333333333333333,0.3333333333333333,-0.31873885790507,0.0,0.11308281141266528,0.375
node/6194779221,Workshop,50.8217395,-0.1413872,amenity,cafe,cafe,,Prince Albert Street,15C,,,the_lanes,8,0.375,0.25,0.4924369603395462,0.125,0.14651249933087096,0.6153846153846154
node/6194893476,Napoli Restaurant,50.8212028,-0.1403243,amenity,restaurant,food,italian,Market Street,41,,,the_lanes,5,0.2,0.2,0.17438511848449706,0.0,0.09046624913013222,0.5
node/6194893479,The White Company,50.8219531,-0.1390625,shop,clothes,shopping,,North Street,4,,,the_lanes,4,0.75,0.25,0.499768391251564,0.5,0.32274027681125805,0.4444444444444444
node/6200458147,The Golden Pineapple,50.8212766,-0.14203,amenity,bar,nightlife,,Ship Street,14,https://www.goldenpineapple.party/,,the_lanes,3,0.3333333333333333,0.0,0.3277335564295451,0.3333333333333333,0.2380828114126653,0.375
node/6203841997,Tonkotsu,50.8237249,-0.1395148,amenity,restaurant,food,ramen,New Road,20,https://tonkotsu.co.uk/locations/brighton/,12:00-22:00,the_lanes,4,0.5,0.5,0.0006229579448700229,0.0,0.1005180545890358,0.4444444444444444
node/6203841998,Pinocchio,50.8238283,-0.1394665,amenity,restaurant,food,pizza;italian,New Road,22,https://www.pinocchio.co.uk/,Mo-Su 11:30-22:30,north_laine,6,0.3333333333333333,0.3333333333333333,-0.316010723511378,0.0,0.08224204466375656,0.5454545454545454
node/6203841999,The Colonnade Bar,50.8232666,-0.139728,amenity,bar,nightlife,,New Road,10,https://thecolonnadebrighton.co.uk/,,the_lanes,3,1.0,0.0,0.9998652935028077,1.0,0.4880828114126653,0.375
node/6203842000,Furna,50.8230662,-0.1397571,amenity,restaurant,food,,New Road,6,https://www.furnarestaurant.co.uk/,,the_lanes,4,0.25,0.25,-0.49541012942790985,0.0,0.1005180545890358,0.4444444444444444
node/6203842001,Wahaca,50.8228641,-0.1399627,amenity,restaurant,food,mexican,North Street,161,,,the_lanes,3,0.6666666666666666,0.3333333333333333,0.33375483751296997,0.3333333333333333,0.2380828114126653,0.375
node/6203842003,Jules Emporium,50.8230185,-0.1397816,shop,gift,shopping,,New Road,5,https://www.julesemporium.co.uk/,,the_lanes,3,0.3333333333333333,0.0,0.3351314465204875,0.3333333333333333,0.2380828114126653,0.375
node/6203842004,Tinto Taperia,50.8231147,-0.1397292,amenity,restaurant,food,tapas;spanish,New Road,7,https://tintotaperia.co.uk/,,the_lanes,3,0.3333333333333333,0.0,0.334097961584727,0.3333333333333333,0.2380828114126653,0.375
node/6203842006,Caffè Nero,50.8233368,-0.1402204,amenity,cafe,cafe,coffee_shop,Bond Street,39-40,https://www.caffenero.com/uk/stores/brighton-bond-st,Mo-Fr 07:30-18:00; Sa 08:00-18:00; Su 09:00-18:00,the_lanes,3,0.3333333333333333,0.3333333333333333,-0.3125269611676534,0.0,0.11308281141266528,0.375
node/6203842007,Earl's Sandwiches,50.8243552,-0.1402234,amenity,fast_food,food,sandwich;vietnamese,Church Street,9,,Mo-Fr 09:00-16:00; Sa 11:00-16:00; Su off,north_laine,8,0.5,0.125,0.4941408261656761,0.375,0.3003586531770248,0.6153846153846154
node/6203842009,Flint Owl Bakery,50.8239724,-0.1399243,amenity,cafe,cafe,,Bond Street,24,https://flintowlbakery.com/pages/brighton,Mo-Fr 08:30-17:00; Sa 09:00-17:00; Su 09:00-16:00,north_laine,7,0.5714285714285714,0.0,0.9769304650170463,0.5714285714285714,0.4087218742751102,0.5833333333333334
node/6203842012,Badger,50.8238817,-0.1399692,shop,clothes,shopping,,Bond Street,26,https://www.badgerclothing.co.uk/,,north_laine,4,0.25,0.5,-0.03271377086639404,-0.25,-0.010593056522075305,0.4444444444444444
node/6203935453,Peggs & son.,50.8227766,-0.1423325,shop,clothes,shopping,,Duke Street,39,,,the_lanes,5,0.0,0.4,0.19441311359405528,-0.4,-0.10953375086986776,0.5
node/6203935456,Whistles,50.8228371,-0.1426905,shop,clothes,shopping,,Duke Street,35,https://www.whistles.com/stores/details/?storeID=0449,,the_lanes,5,0.4,0.0,0.26002357006072996,0.4,0.29046624913013225,0.5
node/6203935457,Woodies,50.8228486,-0.143453,shop,clothes,shopping,,Duke Street,20-21,,,the_lanes,8,0.375,0.5,-0.04424475878477099,-0.125,-0.007333654515282903,0.6153846153846154
node/6208594124,The Breakfast Club,50.8213112,-0.1398965,amenity,restaurant,food,american,Market Street,16-17,,,the_lanes,4,0.75,0.0,0.5157087296247482,0.75,0.43385138792236916,0.4444444444444444
node/6232800801,DAK.ZIP,50.8233057,-0.1441099,amenity,fast_food,food,korean;chicken,Cranbourne Street,16-17,,,the_lanes,3,0.3333333333333333,0.3333333333333333,-0.3290736476580301,0.0,0.11308281141266528,0.375
node/6232800802,Belgian Chips,50.8233378,-0.1442637,amenity,fast_food,food,,Cranbourne Street,14,,,the_lanes,5,0.2,0.6,-0.5227630019187928,-0.39999999999999997,-0.10953375086986776,0.5
node/6232800804,Ala's Cafe,50.8233655,-0.1443505,amenity,cafe,cafe,breakfast;sandwich,Cranbourne Street,13,https://alascafe.business.site/,,the_lanes,4,0.25,0.25,0.4034251570701599,0.0,0.1005180545890358,0.4444444444444444
node/6232841517,Meowko,50.8235166,-0.1444638,amenity,fast_food,food,noodle,North Street,82A,,,the_lanes,5,0.4,0.2,-0.1317924618721009,0.2,0.19046624913013224,0.5
node/6232841518,Wafflemeister,50.8232375,-0.1436069,amenity,cafe,cafe,waffle;crepe,West Street,49,https://www.wafflemeister.com/locations-1/brighton,,the_lanes,3,0.6666666666666666,0.0,0.9978587826093038,0.6666666666666666,0.3630828114126653,0.375
node/6236486860,Frankie's Grinder,50.8226838,-0.1356357,amenity,cafe,cafe,coffee_shop,Edward Street,179,,,kemptown,7,0.5714285714285714,0.2857142857142857,0.42701341424669537,0.2857142857142857,0.24205520760844354,0.5833333333333334
node/6236486862,VIP Very Italian Pizza,50.8208347,-0.1364048,amenity,restaurant,food,pizza,Old Steine,19,https://pizzavip.co.uk/,,the_lanes,6,0.5,0.16666666666666666,0.3401489158471425,0.33333333333333337,0.2640602264819384,0.5454545454545454
node/6238045364,North Laine Café,50.8244682,-0.1387529,amenity,cafe,cafe,,Jubilee Street,17,https://www.northlainecafe.co.uk/,,north_laine,4,0.75,0.0,0.50734643638134,0.75,0.43385138792236916,0.4444444444444444
node/6238045365,Burger Brothers,50.8255651,-0.137869,amenity,fast_food,food,burger,North Road,97,https://www.burgerbrothersbrighton.co.uk/,Mo off; Tu-Sa 12:00-20:45; Su off,north_laine,5,0.8,0.0,0.6029713034629822,0.8,0.49046624913013226,0.5
node/6238045366,Painting Pottery Cafe,50.8257135,-0.1399063,amenity,cafe,cafe,,North Road,31,http://www.paintingpotterycafe.co.uk/,,north_laine,5,0.8,0.2,0.5996108293533325,0.6000000000000001,0.3904662491301323,0.5
node/6238045368,Trawlerman Fish & Chips,50.8269488,-0.1383418,amenity,fast_food,food,fish_and_chips,Gloucester Road,106,https://www.trawlermenfishnchips.com/,,north_laine,4,0.25,0.5,-0.09817165136337277,-0.25,-0.010593056522075305,0.4444444444444444
node/6238045371,The Brighton Tavern,50.8270467,-0.1389078,amenity,pub,nightlife,,Gloucester Road,99-100,,,north_laine,9,0.5555555555555556,0.2222222222222222,0.1131008333630032,0.33333333333333337,0.2789044636643802,0.6428571428571429
node/6239523288,The Twisted Lemon,50.8226643,-0.1428114,amenity,bar,nightlife,,Middle Street,41,,Mo-Sa 12:00-00:00; Su 12:00-23:30,the_lanes,6,0.0,0.16666666666666666,-0.32319715619087225,-0.16666666666666666,-0.00866704624533434,0.5454545454545454
node/6241385920,Tüt,50.828341,-0.1393751,shop,clothes,shopping,,Trafalgar Street,38,,,north_laine,6,0.6666666666666666,0.0,0.6878551741441091,0.6666666666666666,0.4458784083001202,0.5454545454545454
node/6241385921,Alushi,50.8286407,-0.1405507,amenity,restaurant,food,lebanese,Trafalgar Arches,,,,north_laine,5,0.6,0.2,0.19973760843276983,0.39999999999999997,0.2904662491301322,0.5
node/6241385931,Coffee at 33,50.8282841,-0.1388556,amenity,cafe,cafe,,Trafalgar Street,33,,,north_laine,3,0.6666666666666666,0.3333333333333333,0.33311037222544354,0.3333333333333333,0.2380828114126653,0.375
node/6241385932,North Laine Cafe,50.8282603,-0.1387054,amenity,cafe,cafe,,Trafalgar Street,31,https://www.northlainecafe.co.uk/,,north_laine,7,0.2857142857142857,0.2857142857142857,0.13975457634244648,0.0,0.07538854094177685,0.5833333333333334
node/6241385933,Alchemy Fine Foods,50.8282179,-0.1384298,shop,deli,food,,Trafalgar Street,29,,,north_laine,5,0.6,0.0,0.2817406296730041,0.6,0.3904662491301322,0.5
node/6241385934,Raining Books,50.8282095,-0.1383681,shop,books,shopping,,Trafalgar Street,28,,,north_laine,5,0.2,0.2,0.5814544320106506,0.0,0.09046624913013222,0.5
node/6241385936,Bread & Milk,50.8282874,-0.1379705,amenity,cafe,cafe,,Trafalgar Street,82,https://www.breadandmilk.co.uk/,Mo-Fr 07:30-17:00; Sa 08:00-17:00; Su 08:30-17:00,north_laine,6,0.5,0.16666666666666666,0.32744137446085614,0.33333333333333337,0.2640602264819384,0.5454545454545454
node/6241385937,O'Shio,50.8282382,-0.1376436,amenity,restaurant,food,japanese;korean,Trafalgar Street,87-88,https://www.oshio.co.uk/,"Tu-Su 12:00-15:00,17:00-22:00; Mo off",north_laine,3,0.6666666666666666,0.0,0.9956018129984537,0.6666666666666666,0.3630828114126653,0.375
node/6283935301,Blue Cap Cafe,50.8350643,-0.1696377,amenity,cafe,cafe,,,,,,hove,6,0.0,0.3333333333333333,0.31526584426561993,-0.3333333333333333,-0.09957613715442525,0.5454545454545454
node/6300081319,Budgens,50.8284147,-0.1410535,shop,supermarket,shopping,,Queen's Road,78-82,https://www.budgens.co.uk/our-stores/queens-road,24/7,north_laine,4,0.5,0.25,0.4265993982553482,0.25,0.21162916570014692,0.4444444444444444
node/6329563161,Cafe Coho,50.8281108,-0.1412115,amenity,cafe,cafe,coffee_shop;breakfast;brunch;pancake,Queen's Road,83a,https://www.cafecoho.co.uk/coho-brighton-station/,Mo-Su 07:00-18:00,north_laine,5,0.6,0.2,0.5891521096229553,0.39999999999999997,0.2904662491301322,0.5
node/6401280931,Down to Earth Coffee,50.8265262,-0.164197,amenity,cafe,cafe,,Western Road,75-76,,,hove,7,0.5714285714285714,0.42857142857142855,0.1421380468777248,0.14285714285714285,0.1587218742751102,0.5833333333333334
node/6401280937,The Dock Hub Cafe,50.8334893,-0.163808,amenity,cafe,cafe,,Wilbury Villas,,,,hove,3,0.3333333333333333,0.0,0.9795342882474264,0.3333333333333333,0.2380828114126653,0.375
node/6404312605,Lavash,50.8233952,-0.1429519,amenity,restaurant,food,middle_eastern,North Street,60,https://www.lavash-website.co.uk/,Mo-Su 11:00-22:00,the_lanes,6,0.5,0.16666666666666666,0.002125253280003847,0.33333333333333337,0.2640602264819384,0.5454545454545454
node/6408481321,Nando's,50.8384454,-0.1730038,amenity,restaurant,food,chicken;portuguese,Newtown Road,,https://www.nandos.co.uk/restaurants/hove,Mo-Su 11:30-22:00,hove,5,0.4,0.4,-0.195861303806305,0.0,0.09046624913013222,0.5
node/6408481326,TK Maxx,50.838231,-0.1733929,shop,department_store,shopping,,Newtown Road,,https://www.tkmaxx.com/uk/en/store/409,Mo-Fr 09:00-20:00; Sa 09:00-19:00; Su 09:00-18:00,hove,4,0.75,0.0,0.9940551370382309,0.75,0.43385138792236916,0.4444444444444444
node/6408554940,KOKORO,50.8233802,-0.1427696,amenity,fast_food,food,japanese;korean;sushi,North Street,57,,Mo-Su 11:00-22:00,the_lanes,3,0.0,0.3333333333333333,-0.3203755021095276,-0.3333333333333333,-0.011917188587334718,0.375
node/6408554942,Smashburger,50.8233455,-0.142551,amenity,fast_food,food,burger,North Street,53-54,,"Mo-Th,Su 10:00-22:00; Fr-Sa 10:00-23:00",the_lanes,7,0.2857142857142857,0.2857142857142857,-0.183832619871412,0.0,0.07538854094177685,0.5833333333333334
node/6408554943,Grace Gentleman's Club,50.8232549,-0.142437,amenity,nightclub,nightlife,,North Street,51 - 52,,"Su-We 22:00-05:00, Th 21:00-05:00, Fr,Sa 20:00-05:00",the_lanes,4,0.5,0.25,0.4940485358238221,0.25,0.21162916570014692,0.4444444444444444
node/6408554944,German Doner Kebab,50.8233193,-0.1424102,amenity,fast_food,food,kebab,North Street,51 - 52,https://www.gdk.com/gdk-locations/uk/brighton/51-52-north-street,11:00-23:00,the_lanes,4,0.0,0.0,-0.9457065910100937,0.0,0.1005180545890358,0.4444444444444444
node/6408554948,Brilliant Britannia,50.8231634,-0.1416243,shop,gift,shopping,,North Street,,,,the_lanes,5,0.6,0.0,0.5865316271781922,0.6,0.3904662491301322,0.5
node/6408554949,Talk Luggage Money Exchange,50.8231888,-0.1416994,shop,gift,shopping,,North Street,40A,,,the_lanes,3,0.3333333333333333,0.3333333333333333,0.330670177936554,0.0,0.11308281141266528,0.375
node/6409549483,The Roastery,50.8275735,-0.1379017,amenity,cafe,cafe,coffee_shop,Sydney Street,13-14,https://www.tradingpostcoffee.co.uk/pages/trading-post-coffee-roasters-brighton-sydney-street,,north_laine,4,0.75,0.0,0.5068849325180054,0.75,0.43385138792236916,0.4444444444444444
node/6409549589,Little Beach Boutique,50.8258063,-0.1396084,shop,gift,shopping,,North Road,74,https://littlebeachboutique.com/,,north_laine,3,0.6666666666666666,0.0,0.9980056683222452,0.6666666666666666,0.3630828114126653,0.375
node/6412425747,Joeies,50.8316578,-0.1773452,shop,convenience,shopping,,Blatchington Road,2,,,hove,5,0.2,0.2,0.1959305047988891,0.0,0.09046624913013222,0.5
node/6412435098,The Eddy - Kitchen Franchise,50.8277308,-0.1434426,amenity,restaurant,food,,Upper Gloucester Road,67A,,,north_laine,5,0.6,0.0,0.2369214415550232,0.6,0.3904662491301322,0.5
node/6412500482,Sogno,50.8213561,-0.1400624,amenity,restaurant,food,pizza,Market Street,18,,,the_lanes,5,0.8,0.0,0.6008134722709656,0.8,0.49046624913013226,0.5
node/6412500484,Giggling Squid,50.821433,-0.1397513,amenity,restaurant,food,thai,Market Street,11,https://www.gigglingsquid.com/restaurant/brighton,,the_lanes,7,0.2857142857142857,0.2857142857142857,0.07178568840026855,0.0,0.07538854094177685,0.5833333333333334
node/6412500885,IL Bistro,50.8215925,-0.1395552,amenity,restaurant,food,,Market Street,6-7A,,,the_lanes,6,0.3333333333333333,0.16666666666666666,-0.024748881657918314,0.16666666666666666,0.17315113557284748,0.5454545454545454
node/6412500886,The Little Havana,50.8213965,-0.1396544,amenity,restaurant,food,,Market Street,11A-12,,,the_lanes,4,0.5,0.25,0.39729687571525574,0.25,0.21162916570014692,0.4444444444444444
node/6413676711,Grubb's,50.8261157,-0.1616393,amenity,fast_food,food,burger,Western Road,62,,,hove,8,0.625,0.125,0.49683769792318344,0.5,0.37728173010010174,0.6153846153846154
node/6413742620,covet,50.8280436,-0.1744256,shop,clothes,shopping,,Church Road,146,,,hove,10,0.2,0.2,0.38089025020599365,0.0,0.06031083275342149,0.6666666666666666
node/6413742623,Po,50.8276875,-0.171503,amenity,fast_food,food,,Church Road,96,,,hove,5,0.4,0.2,0.16013534069061283,0.2,0.19046624913013224,0.5
node/6413742626,Sainsbury's Local,50.8277182,-0.1717589,shop,convenience,shopping,,Church Road,100-104,https://stores.sainsburys.co.uk/4567/hove---church-road,Mo-Su 07:00-23:00,hove,6,0.3333333333333333,0.3333333333333333,0.04091965158780414,0.0,0.08224204466375656,0.5454545454545454
node/6413742628,Key Bab at The Old Albion,50.8277516,-0.1721319,amenity,restaurant,food,,Church Road,100,,,hove,3,0.6666666666666666,0.3333333333333333,0.33311218023300176,0.3333333333333333,0.2380828114126653,0.375
node/6415603873,The Flint House,50.8221284,-0.1397456,amenity,restaurant,food,,Hanningtons Lane,13,https://www.flinthousebrighton.com/,,the_lanes,3,0.0,0.3333333333333333,0.3263042569160461,-0.3333333333333333,-0.011917188587334718,0.375
node/6415802651,Pompoko,50.8207706,-0.1354749,amenity,restaurant,food,japanese,Manchester Street,10,,,kemptown,7,0.42857142857142855,0.42857142857142855,0.13687019688742505,0.0,0.07538854094177685,0.5833333333333334
node/6427799932,Neeko,50.8228173,-0.1426109,amenity,cafe,cafe,cake,Duke Street,36,https://neeko.co.uk/,,the_lanes,3,0.0,0.3333333333333333,0.3204933404922485,-0.3333333333333333,-0.011917188587334718,0.375
node/6427799936,Nine Rolls,50.8227381,-0.1428072,amenity,fast_food,food,sandwich;pastry,Duke Street,9,,,the_lanes,3,1.0,0.0,0.9986903071403503,1.0,0.4880828114126653,0.375
node/6427799938,Malo Argentinian Empanadas,50.8227538,-0.1429098,amenity,restaurant,food,argentinian,Duke Street,11,https://malobrighton.co.uk/,,the_lanes,4,0.5,0.0,0.9715462028980255,0.5,0.32274027681125805,0.4444444444444444
node/6427799941,Mad Dog Brewery Co. Taproom,50.8229777,-0.1434967,amenity,pub,nightlife,pizza,Duke Street,24,https://maddogbrew.co.uk/,,the_lanes,7,0.7142857142857143,0.14285714285714285,0.4290999599865505,0.5714285714285714,0.4087218742751102,0.5833333333333334
node/6432683135,Petit Pois,50.8206305,-0.1421596,amenity,restaurant,food,french,Ship Street,70,https://petitpoisbrighton.co.uk/,,the_lanes,5,0.2,0.6,-0.5933307051658631,-0.39999999999999997,-0.10953375086986776,0.5
node/6432683138,Clementine & Co.,50.8228027,-0.1431951,amenity,bar,nightlife,,Duke Street,16,,,the_lanes,6,0.6666666666666666,0.0,0.9612529575824738,0.6666666666666666,0.4458784083001202,0.5454545454545454
node/6432683142,Mottoo,50.8227647,-0.1429617,shop,clothes,shopping,,Duke Street,12,,,the_lanes,6,0.0,0.3333333333333333,-0.36427350838979083,-0.3333333333333333,-0.09957613715442525,0.5454545454545454
node/6432683143,Bar 32,50.8228905,-0.1429799,amenity,bar,nightlife,,Duke Street,32,,,the_lanes,9,0.2222222222222222,0.1111111111111111,0.2668675382932027,0.1111111111111111,0.1360473208072373,0.6428571428571429
node/6436592410,Costa,50.8333323,-0.1842395,amenity,cafe,cafe,coffee_shop,Portland Road,127,,"Mo-Sa 07:00-18:00; Sa,Su 08:00-17:00",hove,3,0.3333333333333333,0.6666666666666666,-0.33237900336583454,-0.3333333333333333,-0.011917188587334718,0.375
node/6436592412,Sainsbury's Local,50.8333002,-0.184002,shop,convenience,shopping,,Portland Road,123-125,https://stores.sainsburys.co.uk/4942/hove-portland-road-local,,hove,7,0.14285714285714285,0.42857142857142855,-0.44327855961663387,-0.2857142857142857,-0.0912781257248898,0.5833333333333334
node/6436592413,The Flour Pot Bakery,50.833277,-0.1838146,amenity,cafe,cafe,bakery,Portland Road,121,,,hove,7,0.14285714285714285,0.42857142857142855,-0.1441312347139631,-0.2857142857142857,-0.0912781257248898,0.5833333333333334
node/6436674938,Blindshrimp Ltd At The William The Fourth,50.8242075,-0.1397946,amenity,restaurant,food,,Church Street,4,,,north_laine,4,0.25,0.25,-0.4682844877243042,0.0,0.1005180545890358,0.4444444444444444
node/6509200414,The Rossi Bar,50.8246283,-0.1431511,amenity,bar,nightlife,,Queen's Road,8,,,north_laine,3,0.0,0.6666666666666666,-0.3732186555862427,-0.6666666666666666,-0.1369171885873347,0.375
node/6509200415,my wok,50.8248971,-0.1430173,amenity,restaurant,food,noodle,Queen's Road,12A,,,north_laine,6,0.6666666666666666,0.16666666666666666,0.3336604833602905,0.5,0.3549693173910293,0.5454545454545454
node/6509200418,Beelzebab,50.8248394,-0.1431283,amenity,fast_food,food,,Queen's Road,11-12,https://www.beelzebab.com/,,north_laine,4,0.75,0.0,0.992781788110733,0.75,0.43385138792236916,0.4444444444444444
node/6509200421,T4 Tea For U,50.824249,-0.143363,amenity,cafe,cafe,bubble_tea,Queen's Road,1,,Mo-Sa 12:00-20:00; Su 12:00-19:00,north_laine,5,0.6,0.0,0.5978039860725403,0.6,0.3904662491301322,0.5
node/6509200422,The Izzy Store,50.8243138,-0.1432984,shop,convenience,shopping,,Queen's Road,2,,24/7,north_laine,7,0.5714285714285714,0.14285714285714285,0.16588489498410905,0.42857142857142855,0.3253885409417769,0.5833333333333334
node/6509200426,New Era,50.8245109,-0.1432028,amenity,restaurant,food,chinese,Queen's Road,6B,,"Tu-Su 12:00-15:00,17:00-22:00; Mo off",north_laine,4,0.5,0.25,0.4150007665157318,0.25,0.21162916570014692,0.4444444444444444
node/6510522450,Kitchen Franchise,50.8213073,-0.1412019,amenity,restaurant,food,,Black Lion Street,15,,,the_lanes,6,0.5,0.0,0.40246762832005817,0.5,0.3549693173910293,0.5454545454545454
node/6510523907,Slim Chickens,50.8239182,-0.1436649,amenity,fast_food,food,chicken,,,https://www.slimchickens.co.uk/locations/brighton,,north_laine,7,0.5714285714285714,0.0,0.42897750650133404,0.5714285714285714,0.4087218742751102,0.5833333333333334
node/6510523909,Noodle Queen,50.8244485,-0.1429863,amenity,restaurant,food,ramen,Queen's Road,128,,,north_laine,6,0.3333333333333333,0.3333333333333333,0.3298848470052083,0.0,0.08224204466375656,0.5454545454545454
node/6510523915,Asiamart,50.8242977,-0.1430587,shop,supermarket,shopping,,Queens Road,130,,Mo-Su 10:30-20:30,north_laine,9,0.3333333333333333,0.4444444444444444,-0.11419271760516699,-0.1111111111111111,-0.006809822049905553,0.6428571428571429
node/6510523920,Time For Kimchi,50.824557,-0.1410115,amenity,restaurant,food,korean,Church Street,19,https://timeforkimchi.com/,,north_laine,6,0.6666666666666666,0.16666666666666666,0.33918190002441406,0.5,0.3549693173910293,0.5454545454545454
node/6510523922,The O Zone,50.8246518,-0.1412697,shop,clothes,shopping,,,,,,north_laine,3,0.0,0.6666666666666666,-0.3346989353497823,-0.6666666666666666,-0.1369171885873347,0.375
node/6510544243,Tribeca,50.8241156,-0.1398575,shop,clothes,shopping,,Bond Street,21,,Mo-Sa 10:00-18:00; Su 12:00-17:00; PH 11:00-17:00,north_laine,7,0.2857142857142857,0.2857142857142857,-0.16057913643973215,0.0,0.07538854094177685,0.5833333333333334
node/6510544245,Finisterre,50.8237398,-0.1400198,shop,clothes,shopping,,Bond Street,29,,,the_lanes,6,0.5,0.3333333333333333,0.2863911986351013,0.16666666666666669,0.17315113557284748,0.5454545454545454
node/6510544246,Malarkey,50.8235254,-0.140126,shop,gift,shopping,,Bond Street,34,https://malarkeycards.com/,Mo-Sa 10:00-17:00; Su 11:00-17:00,the_lanes,4,0.25,0.5,-0.49726642668247223,-0.25,-0.010593056522075305,0.4444444444444444
node/6510663612,Loaded Food Company,50.8233934,-0.1444324,amenity,fast_food,food,,Cranbourne Street,11-12,,,the_lanes,6,0.3333333333333333,0.0,-0.3187363048394521,0.3333333333333333,0.2640602264819384,0.5454545454545454
node/6511474101,Porta,50.8233474,-0.1405094,shop,clothes,shopping,,Bond Street,4,,,the_lanes,4,0.75,0.0,0.5043543726205826,0.75,0.43385138792236916,0.4444444444444444
node/6511474105,Pretty Eccentric,50.8236591,-0.1402745,shop,clothes,shopping,,Bond Street,10,,,the_lanes,5,0.8,0.0,0.6009132266044617,0.8,0.49046624913013226,0.5
node/6511497684,Martlets,50.8241909,-0.1396281,shop,charity,shopping,,Church Street,,,,north_laine,7,0.0,0.2857142857142857,-0.4285371559006827,-0.2857142857142857,-0.0912781257248898,0.5833333333333334
node/6511498386,Cafe Italiano,50.8240786,-0.1392238,amenity,cafe,cafe,italian,New Road,24,,,north_laine,4,0.5,0.25,0.0013972818851470947,0.25,0.21162916570014692,0.4444444444444444
node/6511570899,Lavash,50.8245999,-0.1395666,amenity,restaurant,food,middle_eastern,Gardner Street,52,https://www.lavash-website.co.uk/,,north_laine,9,0.4444444444444444,0.0,0.3573890990681119,0.4444444444444444,0.3503330350929516,0.6428571428571429
node/6511570901,Reporter,50.8243854,-0.1396748,shop,clothes,shopping,,Gardner Street,57,https://reportermenswear.com/,,north_laine,7,0.42857142857142855,0.14285714285714285,0.17159123931612288,0.2857142857142857,0.24205520760844354,0.5833333333333334
node/6511570903,Goemon Ramen Bar,50.8246844,-0.1395341,amenity,restaurant,food,ramen,Gardner Street,50,https://goemonramen.com/,,north_laine,5,0.4,0.0,0.288273012638092,0.4,0.29046624913013225,0.5
node/6511570905,Sunshine Crafts,50.8247663,-0.1394974,shop,gift,shopping,,Gardner Street,48,,,north_laine,8,0.375,0.25,-0.21200462430715558,0.125,0.14651249933087096,0.6153846153846154
node/6511570906,Brød + Wolf,50.8248113,-0.1394797,amenity,cafe,cafe,,Gardner Street,47,,,north_laine,6,0.8333333333333334,0.0,0.9525077839692434,0.8333333333333334,0.5367874992092111,0.5454545454545454
node/6511570907,Dukes at the Komedia Picturehouse,50.824968,-0.1393821,amenity,cinema,culture,,Gardner Street,44-47,https://www.picturehouses.com/cinema/duke-s-at-komedia,,north_laine,3,0.3333333333333333,0.0,-0.3052024443944295,0.3333333333333333,0.2380828114126653,0.375
node/6511570908,Fil Fil,50.8252463,-0.1395289,amenity,cafe,cafe,falafel,Gardner Street,21,,,north_laine,8,0.375,0.25,0.49171704798936844,0.125,0.14651249933087096,0.6153846153846154
node/6513895928,Baby Bao At The Pond,50.8271304,-0.140844,amenity,fast_food,food,,Gloucester Road,49,,,north_laine,6,0.3333333333333333,0.3333333333333333,-0.008071879545847593,0.0,0.08224204466375656,0.5454545454545454
node/6514718284,Two Wolves Kitchen,50.826495,-0.1400182,amenity,fast_food,food,burger,Foundry Street,13-14,,,north_laine,6,0.3333333333333333,0.5,-0.0007600088914235803,-0.16666666666666669,-0.00866704624533434,0.5454545454545454
node/6514796981,Olea,50.8257103,-0.1390343,amenity,cafe,cafe,,North Road,82,,,north_laine,3,0.0,1.0,-0.9981781045595803,-1.0,-0.2619171885873347,0.375
node/6514796983,Caxton Arms Kitchen,50.8268825,-0.1425148,amenity,fast_food,food,,North Gardens,36,,,north_laine,8,0.5,0.375,0.24526914209127426,0.125,0.14651249933087096,0.6153846153846154
node/6514796984,Vudu Food,50.8274817,-0.1419246,amenity,restaurant,food,,Queen's Road,55,,Mo-Th 12:00-21:00; Fr 12:00-22:00; Su 12:00-20:00,north_laine,8,0.25,0.25,-0.24112191796302795,0.0,0.06958942240779402,0.6153846153846154
node/6514817386,Love fit cafe,50.8262704,-0.1419715,amenity,cafe,cafe,,Queen's Road,110,https://www.lovefit.co.uk/,Mo-Fr 08:00-18:00; Sa 09:00-16:00; Su 09:00-13:00,north_laine,4,0.25,0.25,0.0030264854431152344,0.0,0.1005180545890358,0.4444444444444444
node/6514857212,Vanessa's Kitchen,50.8289293,-0.1424101,amenity,fast_food,food,,Guildford Road,34,,,north_laine,5,0.2,0.4,-0.20562481880187994,-0.2,-0.009533750869867774,0.5
node/6514916341,Blend & Brew Brighton,50.8284303,-0.1400031,amenity,cafe,cafe,,Trafalgar Street,44,,,north_laine,9,0.4444444444444444,0.3333333333333333,0.32795364326900905,0.1111111111111111,0.1360473208072373,0.6428571428571429
node/6514916346,New Wave Exchange,50.8285172,-0.1396763,shop,clothes,shopping,,Trafalgar Street,67,,,north_laine,5,0.2,0.0,-0.20903173685073848,0.2,0.19046624913013224,0.5
node/6514916347,Sirene,50.8283352,-0.1393017,shop,clothes,shopping,,Trafalgar Street,37,https://www.sirene-boutique.com/,,north_laine,4,0.5,0.0,0.49194923043251043,0.5,0.32274027681125805,0.4444444444444444
node/6514916349,The Bunker,50.8284069,-0.1389053,shop,clothes,shopping,,Trafalgar Street,74,,,north_laine,3,1.0,0.0,0.9989027380943298,1.0,0.4880828114126653,0.375
node/6514916353,Bluebelle & Co,50.8283216,-0.1383151,shop,clothes,shopping,,Trafalgar Street,80,https://bluebelleandco.com/,Mo-Sa 10:00-18:00; Su 11:00-17:00,north_laine,6,0.5,0.0,0.0073823134104411365,0.5,0.3549693173910293,0.5454545454545454
node/6514939781,Lucky Star,50.8280277,-0.1361688,amenity,restaurant,food,chinese,Trafalgar Street,101,,,north_laine,6,0.16666666666666666,0.3333333333333333,-0.33653436104456586,-0.16666666666666666,-0.00866704624533434,0.5454545454545454
node/6514939783,Manju's,50.8279142,-0.1362653,amenity,restaurant,food,indian,Trafalgar Street,6,https://manjus.co.uk/,"Th-Fr 18:00-22:00; Sa 12:00-14:00,18:00-22:00",north_laine,8,0.25,0.5,-0.24947605282068247,-0.25,-0.08425673143835982,0.6153846153846154
node/6514939784,Red Fish Art & Coffee,50.8279237,-0.1363222,amenity,cafe,cafe,,Trafalgar Street,7,,,north_laine,11,0.7272727272727273,0.2727272727272727,0.454326716336337,0.4545454545454546,0.36904140570633265,0.6875
node/6515018205,Tiger Bites Pig,50.8269362,-0.1361584,amenity,restaurant,food,taiwanese,Gloucester Street,2-3,https://www.tigerbitespig.co.uk/,,north_laine,3,0.3333333333333333,0.3333333333333333,0.2962607542673747,0.0,0.11308281141266528,0.375
node/6515042190,White Leaf Boutique,50.8281639,-0.137086,shop,clothes,shopping,,Trafalgar Street,94,,,north_laine,7,0.7142857142857143,0.14285714285714285,0.7023955583572388,0.5714285714285714,0.4087218742751102,0.5833333333333334
node/6515042193,Grind & Slice,50.8280455,-0.1372489,amenity,restaurant,food,pizza,Trafalgar Street,15,,,north_laine,6,0.3333333333333333,0.16666666666666666,-0.04478409886360172,0.16666666666666666,0.17315113557284748,0.5454545454545454
node/6515367158,George Street Tap,50.8285725,-0.1738719,amenity,pub,nightlife,,George Street,4-5,https://www.crafted-social.co.uk/george-street-tap-hove,,hove,4,0.5,0.0,0.42005540430545807,0.5,0.32274027681125805,0.4444444444444444
node/6515367160,CK Bistro,50.8285069,-0.173897,amenity,restaurant,food,cantonese,George Street,3,,"Mo,Tu,Th,Fr 12:00-15:00; Sa,Su 12:00-16:00; We off",hove,5,0.4,0.6,-0.19899890422821045,-0.19999999999999996,-0.009533750869867751,0.5
node/6515367162,Barnardo's,50.828677,-0.1738189,shop,charity,shopping,,George Street,7,,,hove,6,0.3333333333333333,0.16666666666666666,0.33420258760452265,0.16666666666666666,0.17315113557284748,0.5454545454545454
node/6515367165,Jaba Yard,50.8288048,-0.1737558,shop,clothes,shopping,,George Street,10,,,hove,8,0.25,0.25,0.00675180554389955,0.0,0.06958942240779402,0.6153846153846154
node/6515367170,Truffles,50.829234,-0.1735339,shop,bakery,cafe,,George Street,21,,,hove,7,0.7142857142857143,0.14285714285714285,0.7070413061550685,0.5714285714285714,0.4087218742751102,0.5833333333333334
node/6515367176,RSPCA,50.8294889,-0.1734273,shop,charity,shopping,,George Street,27,,,hove,5,0.0,0.2,0.5786471962928772,-0.2,-0.009533750869867774,0.5
node/6515367180,Harriet's of Hove,50.8296558,-0.1733395,shop,supermarket,shopping,,George Street,31,https://www.harrietsofhove.com/,Mo-Sa 09:00-17:00; Su 10:00-16:00,hove,4,0.75,0.25,0.4987300783395767,0.5,0.32274027681125805,0.4444444444444444
node/6515367181,Fine Records,50.8296963,-0.1733188,shop,music,shopping,,George Street,32,,,hove,3,0.3333333333333333,0.3333333333333333,0.32153505086898804,0.0,0.11308281141266528,0.375
node/6515376788,Chestnut Tree House,50.8301686,-0.1731028,shop,charity,shopping,,George Street,42,,,hove,9,0.2222222222222222,0.3333333333333333,-0.10976209243138633,-0.1111111111111111,-0.006809822049905553,0.6428571428571429
node/6515376789,Card Factory,50.8302012,-0.1730881,shop,gift,shopping,,George Street,43,,,hove,5,0.2,0.6,-0.2003134727478027,-0.39999999999999997,-0.10953375086986776,0.5
node/6515376796,Pommy's Pizza,50.8307958,-0.1728052,amenity,fast_food,food,pizza,George Street,56A,https://www.pommyspizza.com/,,hove,5,0.6,0.2,0.5910391926765441,0.39999999999999997,0.2904662491301322,0.5
node/6515376797,SAERO,50.8307555,-0.1728296,amenity,restaurant,food,korean,George Street,56,https://saero.uk/,,hove,4,0.0,0.25,-0.8351747393608093,-0.25,-0.010593056522075305,0.4444444444444444
node/6515376799,Cafe Quench,50.830496,-0.1729451,amenity,cafe,cafe,,George Street,50,,,hove,7,0.2857142857142857,0.2857142857142857,0.14980190140860422,0.0,0.07538854094177685,0.5833333333333334
node/6515376804,British Heart Foundation,50.8305025,-0.1732231,shop,charity,shopping,,George Street,62-63,https://www.bhf.org.uk/what-we-do/find-bhf-near-you/hove-bhf-shop,,hove,6,0.16666666666666666,0.16666666666666666,0.043413857618967655,0.0,0.08224204466375656,0.5454545454545454
node/6515376806,Host With the Most Cafe,50.8303836,-0.1732715,amenity,cafe,cafe,,George Street,65,,,hove,6,0.5,0.16666666666666666,0.33937230706214905,0.33333333333333337,0.2640602264819384,0.5454545454545454
node/6515376816,The Works,50.8297544,-0.1736013,shop,books,shopping,,George Street,78-79,https://www.theworks.co.uk/Store?storeId=1012,,hove,5,0.6,0.0,0.9528612732887268,0.6,0.3904662491301322,0.5
node/6515376818,Cafe Rust,50.8296488,-0.1736536,amenity,cafe,cafe,,George Street,81,,,hove,5,0.6,0.2,0.20409466028213502,0.39999999999999997,0.2904662491301322,0.5
node/6515376821,Georgie's,50.8294777,-0.1737462,amenity,cafe,cafe,,George Street,85,,,hove,3,0.6666666666666666,0.3333333333333333,0.33166436354319256,0.3333333333333333,0.2380828114126653,0.375
node/6515376823,Raystede,50.8293031,-0.1737791,shop,charity,shopping,,George Street,89,https://stores.claires.com/gb-bnh/hove/279.html,,hove,7,0.5714285714285714,0.2857142857142857,0.4273617352758135,0.2857142857142857,0.24205520760844354,0.5833333333333334
node/6515376824,Waterstones,50.8292383,-0.1738127,shop,books,shopping,,George Street,90-91,https://www.waterstones.com/bookshops/hove,,hove,5,0.0,0.0,0.6187353372573853,0.0,0.09046624913013222,0.5
node/6515376829,Chasing Rabbits,50.8289891,-0.1739419,amenity,cafe,cafe,coffee_shop,George Street,95,,,hove,8,0.25,0.25,-0.2786923572421074,0.0,0.06958942240779402,0.6153846153846154
node/6515384474,Etch. By Steven Edwards,50.8286648,-0.1784871,amenity,restaurant,food,,Church Road,214-216,,,hove,8,0.375,0.25,0.008167847990989685,0.125,0.14651249933087096,0.6153846153846154
node/6515956410,Brewshack Coffee,50.8255681,-0.1600834,amenity,cafe,cafe,,Brunswick Street West,38-42,,,hove,4,0.75,0.25,0.49851495027542114,0.5,0.32274027681125805,0.4444444444444444
node/6515956412,Capsule Records,50.8256719,-0.1595938,shop,music,shopping,,Western Road,37,https://capsulerecords.co.uk/,Tu 11:00-15:00; We-Fr 11:00-18:00; Sa 10:00-18:00; Su 11:00-17:00,hove,4,0.25,0.75,-0.4994230419397354,-0.5,-0.12170416763318641,0.4444444444444444
node/6515956414,Brunswick Food & Wine,50.8256623,-0.1595244,shop,convenience,shopping,,Western Road,36,,,hove,7,0.7142857142857143,0.0,0.9914224658693586,0.7142857142857143,0.4920552076084435,0.5833333333333334
node/6515986213,Middle Street School Breakfast Club,50.8222756,-0.1432701,amenity,cafe,cafe,,Middle Street,36-37,,,the_lanes,5,0.4,0.0,0.5928733110427856,0.4,0.29046624913013225,0.5
node/6518451669,The Gym,50.8309758,-0.173395,leisure,fitness_centre,outdoor,,Blatchington Road,84-88,https://www.thegymgroup.com/find-a-gym/brighton-gyms/hove/,,hove,5,0.0,0.6,-0.5987118363380433,-0.6,-0.20953375086986775,0.5
node/6518451670,Jenkins,50.8308828,-0.1729697,shop,greengrocer,shopping,,,,,,hove,5,0.2,0.2,0.1979632139205933,0.0,0.09046624913013222,0.5
node/6518471667,Hove Place,50.8265733,-0.1660307,amenity,pub,nightlife,,First Avenue,37,,,hove,3,0.3333333333333333,0.3333333333333333,-0.3313286503156026,0.0,0.11308281141266528,0.375
node/6518471668,Kitchen Franchise,50.8265614,-0.1660722,amenity,restaurant,food,,First Avenue,37,,,hove,6,0.16666666666666666,0.3333333333333333,-0.0018421610196431293,-0.16666666666666666,-0.00866704624533434,0.5454545454545454
node/6518471669,Unithai,50.8270121,-0.1661098,amenity,restaurant,food,thai,Church Road,10,,Mo-We 11:30-15:30; Th-Sa 11:30-20:30; Su off,hove,8,0.25,0.375,-0.0014819055795669556,-0.125,-0.007333654515282903,0.6153846153846154
node/6518471670,The Book Nook,50.82663,-0.1654486,shop,books,shopping,,First Avenue,1,https://booknookuk.com/,Mo-Fr 09:00-17:30; Sa 09:30-17:00,hove,8,0.125,0.5,-0.03056312352418898,-0.375,-0.16117980836143675,0.6153846153846154
node/6518471671,Buon Apetito,50.8265537,-0.1645611,amenity,restaurant,food,italian,Western Road,81,,,hove,5,0.4,0.2,0.586431884765625,0.2,0.19046624913013224,0.5
node/6567793521,Pret A Manger,50.8216561,-0.1389898,amenity,fast_food,food,sandwich,East Street,39 - 42,,Mo-Sa 07:00-18:00; Su 08:30-17:00,the_lanes,7,0.42857142857142855,0.14285714285714285,0.13476912464414323,0.2857142857142857,0.24205520760844354,0.5833333333333334
node/6567793522,Labyrinth,50.8217801,-0.1392216,tourism,gallery,culture,,Market Street,56,,,the_lanes,6,0.16666666666666666,0.16666666666666666,-0.25221965710322064,0.0,0.08224204466375656,0.5454545454545454
node/6567793524,Well Done,50.8216188,-0.1382133,shop,convenience,shopping,,Pavilion Buildings,14,,,the_lanes,4,0.25,0.25,0.478901743888855,0.0,0.1005180545890358,0.4444444444444444
node/6567812770,Old Steine Cafe,50.8210108,-0.1375872,amenity,cafe,cafe,,Old Steine,Kiosk,,,the_lanes,5,0.6,0.0,0.310090970993042,0.6,0.3904662491301322,0.5
node/6568381002,The Great Brighton Rock Shop,50.8204026,-0.142823,shop,gift,shopping,,King's Road,41A,,,the_lanes,7,0.0,0.5714285714285714,-0.4089695300374712,-0.5714285714285714,-0.2579447923915565,0.5833333333333334
node/6603538114,Gardenia,50.8241133,-0.1436783,shop,supermarket,shopping,,Air Street,2,,,north_laine,4,0.5,0.0,0.500802755355835,0.5,0.32274027681125805,0.4444444444444444
node/6603538124,Greggs,50.8231825,-0.1408405,amenity,fast_food,food,sandwich;bakery,North Street,150,https://www.greggs.co.uk/shop-finder?shop-code=1841,"Mo-Sa 06:30-18:30, Sa 06:30-17:30, Su 07:30-17:00",the_lanes,3,0.3333333333333333,0.3333333333333333,-0.32749831676483154,0.0,0.11308281141266528,0.375
node/6603689920,Kooshk,50.819625,-0.1284923,amenity,restaurant,food,,Upper St. James's Street,43,,,kemptown,5,0.6,0.4,0.20005857944488525,0.19999999999999996,0.1904662491301322,0.5
node/6603689922,Brighton Curry,50.819575,-0.1282053,amenity,restaurant,food,indian,St. James's Street,40-42,,Mo-Su 13:00-22:00,kemptown,3,0.6666666666666666,0.3333333333333333,0.3335258563359578,0.3333333333333333,0.2380828114126653,0.375
node/6605181311,Brighton Dome Cafe Bar,50.8236451,-0.1383446,amenity,bar,nightlife,,Church Street,,,,the_lanes,6,0.5,0.0,0.6194770038127899,0.5,0.3549693173910293,0.5454545454545454
node/6605194100,Liotru Caffe,50.8239789,-0.137438,amenity,cafe,cafe,,Marlborough Place,3,,,north_laine,3,0.0,1.0,-0.9996813734372457,-1.0,-0.2619171885873347,0.375
node/6605640561,The Blue Man,50.8270723,-0.1393333,amenity,cafe,cafe,,Gloucester Road,95,,,north_laine,3,0.6666666666666666,0.3333333333333333,0.33316922187805176,0.3333333333333333,0.2380828114126653,0.375
node/6605640565,Tidy Street General Store,50.8269752,-0.1385349,shop,clothes,shopping,,Gloucester Road,102,https://tidystreetstore.com/,,north_laine,4,0.75,0.0,0.9821446239948273,0.75,0.43385138792236916,0.4444444444444444
node/6605640567,Cool Hand Luke,50.8268897,-0.1388028,shop,clothes,shopping,,Gloucester Road,29,,,north_laine,4,0.75,0.0,0.5692998766899109,0.75,0.43385138792236916,0.4444444444444444
node/6605640574,Black Pearl,50.8264044,-0.1385489,shop,clothes,shopping,,Kensington Gardens,25,https://blackpearlshop.co.uk/,,north_laine,7,0.2857142857142857,0.42857142857142855,-0.14209468024117602,-0.14285714285714285,-0.007944792391556479,0.5833333333333334
node/6605640575,Tuff Tarts Clothing,50.8263509,-0.1385809,shop,clothes,shopping,,Kensington Gardens,26,,,north_laine,3,0.6666666666666666,0.3333333333333333,0.3333096901575724,0.3333333333333333,0.2380828114126653,0.375
node/6605640578,Joliffes Coffee Shop,50.8259688,-0.1387348,amenity,cafe,cafe,,Kensington Gardens,35,,,north_laine,3,0.3333333333333333,0.0,-0.32096862792968744,0.3333333333333333,0.2380828114126653,0.375
node/6605640581,Boho Bazar,50.8258418,-0.1387836,shop,clothes,shopping,,Kensington Gardens,38,,,north_laine,3,0.6666666666666666,0.0,0.3357611695925395,0.6666666666666666,0.3630828114126653,0.375
node/6611866185,Costa,50.8210124,-0.1455042,amenity,cafe,cafe,coffee_shop,,,,,the_lanes,4,0.5,0.0,0.501745194196701,0.5,0.32274027681125805,0.4444444444444444
node/6614744199,Protecting Costa Rican Wildlife,50.8243527,-0.1403169,tourism,artwork,culture,,Jew Street,,https://amykm.com/work/jew-street/,24/7,north_laine,3,0.0,0.6666666666666666,-0.952318529287974,-0.6666666666666666,-0.1369171885873347,0.375
node/6648426085,My Coffee story,50.8207337,-0.1329367,amenity,cafe,cafe,,St. James's Street,36,,,kemptown,7,0.42857142857142855,0.14285714285714285,0.39949690444128855,0.2857142857142857,0.24205520760844354,0.5833333333333334
node/6648426185,Diva espresso & eats,50.8206054,-0.1331237,amenity,cafe,cafe,greek,St. James's Street,94,,,kemptown,10,0.2,0.4,-0.34865581393241885,-0.2,-0.07302250057991184,0.6666666666666666
node/6700540760,GAIL's,50.8256882,-0.1382026,amenity,cafe,cafe,,North Road,93,https://gails.com/pages/brighton,,north_laine,4,0.75,0.0,0.5059201419353485,0.75,0.43385138792236916,0.4444444444444444
node/6700568488,The Scruffy Hare At The White Rabbit,50.8267559,-0.1385451,amenity,restaurant,food,,Kensington Gardens,13-14,,,north_laine,5,0.0,0.6,-0.20668245553970338,-0.6,-0.20953375086986775,0.5
node/6700588467,The Green Dragon,50.8273466,-0.1379873,amenity,pub,nightlife,,Sydney Street,8 - 9,,,north_laine,8,0.625,0.25,0.2508770078420639,0.375,0.3003586531770248,0.6153846153846154
node/6708045588,Sainsbury's Local,50.8259428,-0.1611777,shop,convenience,shopping,,Western Road,55-56,https://stores.sainsburys.co.uk/4963/hove-western-road-local,Mo-Su 06:00-23:00,hove,5,0.2,0.2,0.20200017690658573,0.0,0.09046624913013222,0.5
node/6709362767,Healthy Vibes,50.8285284,-0.1778718,leisure,fitness_centre,outdoor,,Church Road,200,,,hove,4,0.5,0.25,0.0008911788463592529,0.25,0.21162916570014692,0.4444444444444444
node/6709362768,Madrasi's Taste Of South India,50.8285033,-0.1776008,amenity,restaurant,food,indian,Church Road,194,,"We-Mo 12:00-15:00,17:00-22:00",hove,6,0.6666666666666666,0.16666666666666666,0.40738265713055927,0.5,0.3549693173910293,0.5454545454545454
node/6731644312,Hugo Morris,50.8235963,-0.1402936,shop,clothes,shopping,,Bond Street,9,,"Tu-Sa 10:00-18:00; Su,Mo off",the_lanes,4,0.5,0.5,0.0005648136138916016,0.0,0.1005180545890358,0.4444444444444444
node/6731735937,Cappadocia Guest House,50.825653,-0.1396625,tourism,guest_house,accommodation,,North Road,29-30,,,north_laine,4,1.0,0.0,0.9993614554405212,1.0,0.5449624990334803,0.4444444444444444
node/6731747593,Petit Pays Vintage,50.8257289,-0.1400548,shop,clothes,shopping,,North Road,33,,,north_laine,5,0.6,0.0,0.5770938873291016,0.6,0.3904662491301322,0.5
node/6764042593,Beyond Retro,50.8267425,-0.1379849,shop,clothes,shopping,,Gloucester Road,23,,,north_laine,3,0.6666666666666666,0.0,0.834618866443634,0.6666666666666666,0.3630828114126653,0.375
node/6766784996,Solera De Tapa,50.8271309,-0.1378563,amenity,restaurant,food,spanish;tapas,Sydney Street,42,,,north_laine,3,0.6666666666666666,0.0,0.9758797685305277,0.6666666666666666,0.3630828114126653,0.375
node/7015013109,Gourmet Chef Kitchen,50.8232475,-0.1445298,amenity,fast_food,food,,Cranbourne Street,9-10,,,the_lanes,5,0.2,0.2,0.5393359184265137,0.0,0.09046624913013222,0.5
node/7015013110,Victory Inn Kitchen Franchise,50.8226062,-0.1424283,amenity,fast_food,food,,Duke Street,6,,,the_lanes,6,0.16666666666666666,0.16666666666666666,0.28236323595046997,0.0,0.08224204466375656,0.5454545454545454
node/7015019472,Space & Thyme,50.8209948,-0.1408069,amenity,fast_food,food,,Prince Albert Street,1-3,,,the_lanes,8,0.25,0.25,-0.0006979331374168257,0.0,0.06958942240779402,0.6153846153846154
node/7019515771,Ana Chic,50.82113,-0.1405981,shop,clothes,shopping,,,,https://anachic.co.uk/,,the_lanes,5,0.0,0.6,-0.6005912542343139,-0.6,-0.20953375086986775,0.5
node/7019564634,Munchies' Craft Cat Cafe & Bar,50.8213139,-0.1400761,amenity,cafe,cafe,tapas,Market Street,19,https://munchiescraft.co.uk/,,the_lanes,4,0.75,0.0,0.5326348841190338,0.75,0.43385138792236916,0.4444444444444444
node/7019564637,Haus of Chai,50.8212709,-0.1400934,amenity,cafe,cafe,,Market Street,20,https://hausofchai.co.uk/,,the_lanes,5,0.4,0.6,-0.2003216028213501,-0.19999999999999996,-0.009533750869867751,0.5
node/7019564638,Burger & Lobster,50.8212798,-0.1397442,amenity,restaurant,food,burger;seafood,Market Street,15,,,the_lanes,4,0.0,0.5,-0.4795476347208022,-0.5,-0.12170416763318641,0.4444444444444444
node/7020312944,Thai Kitchen,50.8261281,-0.1413777,amenity,fast_food,food,,North Road,59,,,north_laine,5,0.4,0.4,-0.18840311765670778,0.0,0.09046624913013222,0.5
node/7020341196,Coco's Bistro,50.8215767,-0.1397528,amenity,restaurant,food,,Market Street,49a,,,the_lanes,3,0.0,0.6666666666666666,-0.33502340316772466,-0.6666666666666666,-0.1369171885873347,0.375
node/7020341198,Spud King,50.8215497,-0.1398362,amenity,fast_food,food,potato,Market Street,48A,,,the_lanes,3,0.6666666666666666,0.0,0.9966564178466797,0.6666666666666666,0.3630828114126653,0.375
node/7020342033,Churchill Palace Hotel,50.8207929,-0.1434287,tourism,hotel,accommodation,,Middle Street,5,,,the_lanes,6,0.3333333333333333,0.6666666666666666,-0.33260343472162884,-0.3333333333333333,-0.09957613715442525,0.5454545454545454
node/7023501334,$1 Deep,50.8302722,-0.1762455,amenity,fast_food,food,,Stirling Place,3,,,hove,7,0.5714285714285714,0.2857142857142857,0.14507792677198136,0.2857142857142857,0.24205520760844354,0.5833333333333334
node/7023540465,Lewis At The Wick,50.8260812,-0.1617197,amenity,fast_food,food,,Western Road,63,,,hove,9,0.4444444444444444,0.3333333333333333,0.3285914527045356,0.1111111111111111,0.1360473208072373,0.6428571428571429
node/7035363494,Blind Octopus,50.8222907,-0.1418059,amenity,fast_food,food,,Ship Street,27,,,the_lanes,3,0.0,0.3333333333333333,-0.36219886938730866,-0.3333333333333333,-0.011917188587334718,0.375
node/7035363495,Wolfsmouth,50.8220839,-0.1411273,amenity,fast_food,food,,Meeting House Lane,3-4,,,the_lanes,5,0.8,0.2,0.5999258041381836,0.6000000000000001,0.3904662491301323,0.5
node/7035867579,POCHA.ZIP,50.8204655,-0.1393835,amenity,restaurant,food,korean,East Street,14,,,the_lanes,5,0.4,0.4,-0.19733593463897703,0.0,0.09046624913013222,0.5
node/7035868723,The Wardroom,50.8203019,-0.1417274,amenity,restaurant,food,,,,,,the_lanes,3,0.0,1.0,-0.9979356726010641,-1.0,-0.2619171885873347,0.375
node/7035868724,The Mess Deck,50.8203174,-0.1418831,amenity,pub,nightlife,,,,,,the_lanes,4,1.0,0.0,0.9983254224061966,1.0,0.5449624990334803,0.4444444444444444
node/7036036069,Passenger Lounge,50.8287856,-0.1405436,amenity,cafe,cafe,,,,,,north_laine,5,0.6,0.2,0.5101884961128235,0.39999999999999997,0.2904662491301322,0.5
node/7038290022,Burger Kult,50.823924,-0.1390083,amenity,fast_food,food,burger,Church Street,1,,,north_laine,4,0.5,0.25,0.018141180276870755,0.25,0.21162916570014692,0.4444444444444444
node/7038290023,Royal Pavilion Function Rooms,50.8227548,-0.1376096,amenity,restaurant,food,,Pavilion Buildings,4-5,,,the_lanes,4,0.25,0.0,-0.47646839916706085,0.25,0.21162916570014692,0.4444444444444444
node/7050018157,Fish & Chips,50.8204221,-0.1428894,amenity,fast_food,food,fish_and_chips,King's Road,42,,,the_lanes,8,0.75,0.0,0.7644184604287148,0.75,0.5311278839462555,0.6153846153846154
node/7133207126,Kissing Coppers,50.8284715,-0.1407228,tourism,artwork,culture,,,,,,north_laine,4,0.0,0.5,-0.5034581124782562,-0.5,-0.12170416763318641,0.4444444444444444
node/7228728546,CK Bistro,50.8254028,-0.1428074,amenity,restaurant,food,cantonese;chinese,Queens Road,23,https://www.ckbistro.co.uk/,Mo-Su 12:00-21:30,north_laine,4,0.75,0.0,0.9966155737638474,0.75,0.43385138792236916,0.4444444444444444
node/7236941509,Jump The Gun,50.8253114,-0.1392414,shop,clothes,shopping,,Gardner Street,36,,,north_laine,5,0.6,0.2,0.5993080139160156,0.39999999999999997,0.2904662491301322,0.5
node/7236941510,Glassworks,50.8250602,-0.1393517,shop,clothes,shopping,,Gardner Street,42,,,north_laine,6,0.3333333333333333,0.5,-0.3289160331090291,-0.16666666666666669,-0.00866704624533434,0.5454545454545454
node/7236941511,Dowse,50.8252724,-0.1392622,shop,gift,shopping,,Gardner Street,37,,,north_laine,3,0.6666666666666666,0.0,0.3352527817090352,0.6666666666666666,0.3630828114126653,0.375
node/7242505300,Krispy Kreme,50.8235749,-0.1452123,amenity,fast_food,food,donut,,,https://shops.krispykreme.co.uk/brighton,Mo-We 07:00-18:00; Th-Sa 07:00-19:00; Su 09:00-17:00,the_lanes,4,0.5,0.0,0.5067299306392671,0.5,0.32274027681125805,0.4444444444444444
node/7807458385,the witchez,50.8199549,-0.1344469,amenity,cafe,cafe,,,,,,kemptown,7,0.2857142857142857,0.2857142857142857,-0.15226979766573226,0.0,0.07538854094177685,0.5833333333333334
node/7933849293,Quarters,50.8201088,-0.1428744,amenity,nightclub,nightlife,,King's Road Arches,187-193,,,the_lanes,3,0.3333333333333333,0.0,0.992435097694397,0.3333333333333333,0.2380828114126653,0.375
node/8164031606,Falafel House,50.8209388,-0.1341647,amenity,fast_food,food,,St. James's Street,23,,,kemptown,6,0.16666666666666666,0.3333333333333333,0.011167357365290306,-0.16666666666666666,-0.00866704624533434,0.5454545454545454
node/8196260629,Stoneham News,50.8348527,-0.1856018,shop,convenience,shopping,,Stoneham Road,8,,,hove,6,0.5,0.16666666666666666,0.2703658938407898,0.33333333333333337,0.2640602264819384,0.5454545454545454
node/8196260630,Stoneham Bakehouse,50.8347982,-0.1854262,shop,bakery,cafe,,Stoneham Road,2,,,hove,5,0.4,0.0,0.9764118790626526,0.4,0.29046624913013225,0.5
node/8400077220,Tay,50.82029,-0.1316073,tourism,artwork,culture,,,,,,kemptown,7,0.14285714285714285,0.14285714285714285,0.17536801099777222,0.0,0.07538854094177685,0.5833333333333334
node/8486223935,Ground,50.8177253,-0.1185886,amenity,cafe,cafe,,St. Georges Road,81,,,kemptown,12,0.4166666666666667,0.25,0.34373527268568677,0.16666666666666669,0.17086249948831309,0.7058823529411765
node/8505107613,Mint Fitness,50.8176358,-0.1182369,leisure,fitness_centre,outdoor,,St. Georges Road,76,https://mintfitnessbrighton.com/,,kemptown,6,0.5,0.0,0.9689903358618418,0.5,0.3549693173910293,0.5454545454545454
node/8505107614,Kemptown Klub,50.8176186,-0.1181675,amenity,bar,nightlife,,St. Georges Road,75,,,kemptown,5,0.2,0.2,0.225045669078827,0.0,0.09046624913013222,0.5
node/8505107615,The Kindness Co-op,50.8176099,-0.1181021,shop,clothes,shopping,,St. Georges Road,74,https://www.thekindnessco-op.com/,,kemptown,10,0.6,0.0,0.42690691351890564,0.6,0.4603108327534215,0.6666666666666666
node/8554174734,The Hub,50.8200191,-0.1425163,amenity,nightclub,nightlife,,,,,,the_lanes,3,0.3333333333333333,0.6666666666666666,-0.33168836434682214,-0.3333333333333333,-0.011917188587334718,0.375
node/8662159543,Co-op Food,50.8252211,-0.177458,shop,convenience,shopping,,Kingsway,133,https://www.coop.co.uk/store-finder/BN3-2WY/kingsway,Mo-Su 07:00-23:00,seafront,31,0.4838709677419355,0.2903225806451613,0.15856413495156071,0.1935483870967742,0.19179618031392562,0.8611111111111112
node/8669463666,Drury Tea & Coffee,50.8310525,-0.1884246,amenity,cafe,cafe,coffee_shop;tea_shop,Richardson Road,12-16,https://www.drurycafe.co.uk/richardson-road/,,hove,6,0.5,0.0,0.5891472697257996,0.5,0.3549693173910293,0.5454545454545454
node/8669463667,Curiosity Kitchen & Deli,50.8311423,-0.1883879,amenity,cafe,cafe,,Richardson Road,20,,,hove,9,0.2222222222222222,0.2222222222222222,0.1050100525220235,0.0,0.06461874937866588,0.6428571428571429
node/8669463680,Morrisons Daily,50.8310045,-0.1881031,shop,convenience,shopping,,Richardson Road,15,,,hove,7,0.2857142857142857,0.2857142857142857,0.14342623097555976,0.0,0.07538854094177685,0.5833333333333334
node/8669463682,Gratitude Tree1 Grocer,50.8308649,-0.1881536,shop,greengrocer,shopping,,,,,,hove,4,0.0,0.25,0.4680117219686508,-0.25,-0.010593056522075305,0.4444444444444444
node/8669463683,R.C. Secker,50.830816,-0.1881713,shop,butcher,shopping,,,7,,,hove,5,0.2,0.2,0.20239012241363524,0.0,0.09046624913013222,0.5
node/8687992072,Open Bakery Kemptown,50.8186371,-0.1215252,shop,bakery,cafe,,St Georges Road,34,https://openbakery.co.uk/kemptown-shop-and-bakery,Mo-Sa 07:00-17:30,kemptown,3,0.0,0.3333333333333333,0.2221704522768656,-0.3333333333333333,-0.011917188587334718,0.375
node/8687992076,Portland,50.8184389,-0.1212823,amenity,cafe,cafe,,St. Georges Road,90,,Mo-Fr 08:00-16:30; Sa-Su 09:30-16:30,kemptown,8,0.25,0.25,0.2268828526139259,0.0,0.06958942240779402,0.6153846153846154
node/8687992086,The Bristol Bar,50.8173992,-0.119433,amenity,pub,nightlife,,Marine Parade,143,,,kemptown,3,0.3333333333333333,0.0,0.34871379534403485,0.3333333333333333,0.2380828114126653,0.375
node/8687992090,Cup of Joe,50.8187904,-0.1219276,amenity,cafe,cafe,,St Georges Road,28,https://cupofjoebrighton.co.uk,,kemptown,6,0.6666666666666666,0.16666666666666666,0.33453352252642315,0.5,0.3549693173910293,0.5454545454545454
node/8687992096,Pizzaface,50.8186217,-0.1214626,amenity,restaurant,food,pizza,St Georges Road,35,,"Mo 16:00-22:00; Tu-Th 12:00-14:00,16:00-22:00; Fr,Sa 12:00-22:00; Su 16:00-21:00",kemptown,8,0.125,0.5,-0.7418399751186371,-0.375,-0.16117980836143675,0.6153846153846154
node/8687992104,Barbary Lane,50.8186944,-0.1222351,shop,clothes,shopping,,St. Georges Road,95,,Tu 11:00-17:00; Fr 11:00-18:00; Sa 11:00-17:30,kemptown,4,0.5,0.25,0.42222510278224945,0.25,0.21162916570014692,0.4444444444444444
node/8687992105,Kemptown Bookshop,50.818614,-0.1219268,shop,books,shopping,,St. Georges Road,91,https://kemptownbookshop.co.uk,Mo-Sa 09:00-17:30,kemptown,4,0.75,0.25,0.49964387714862835,0.5,0.32274027681125805,0.4444444444444444
node/8687992108,Marie Curie,50.8187796,-0.1225646,shop,charity,shopping,,St. Georges Road,99,https://www.mariecurie.org.uk/local/charity-shops/kemp-town,Mo-Sa 09:30-16:00,kemptown,6,0.5,0.16666666666666666,0.6462958455085754,0.33333333333333337,0.2640602264819384,0.5454545454545454
node/8688063734,Budgens,50.8193882,-0.127191,shop,convenience,shopping,,Upper St James Street,32,https://www.budgens.co.uk/our-stores/upper-st-james-street,Mo-Sa 07:00-23:00; Su 08:00-23:00,kemptown,7,0.42857142857142855,0.0,0.4841889313289097,0.42857142857142855,0.3253885409417769,0.5833333333333334
node/8729421318,Smacks,50.8233735,-0.1435433,amenity,fast_food,food,burger,West Street,46,,,the_lanes,4,0.25,0.5,-0.004673585295677185,-0.25,-0.010593056522075305,0.4444444444444444
node/8730938563,Bramptons,50.8192209,-0.1237984,shop,butcher,shopping,,St Georges Road,114,https://bramptonsbutchers.com/,,kemptown,6,0.6666666666666666,0.3333333333333333,0.3331017196178436,0.3333333333333333,0.2640602264819384,0.5454545454545454
node/8730938566,Age UK,50.8193257,-0.1235273,shop,charity,shopping,,,9,https://directory.ageuk.org.uk/charity-shops/age-uk-east-sussex-brighton-kemptown-shop/,"Mo-Sa 10:00-17:00; PH,Su 10:00-16:00",kemptown,5,0.6,0.0,0.5863412976264953,0.6,0.3904662491301322,0.5
node/8730938567,Nature's Food Basket,50.8193491,-0.1236034,shop,supermarket,shopping,,,8,,,kemptown,5,0.4,0.4,-0.191623330116272,0.0,0.09046624913013222,0.5
node/8730938568,Coffee Tzar,50.8194447,-0.1233233,amenity,cafe,cafe,,St Georges Road,,,,kemptown,5,0.2,0.6,-0.2613219499588012,-0.39999999999999997,-0.10953375086986776,0.5
node/8730938569,Kemptown Tandoori,50.8191576,-0.1235725,amenity,restaurant,food,indian,St Georges Road,111,https://www.kemptowntandoori.co.uk,We-Mo 17:30-22:00; Tu off,kemptown,7,0.2857142857142857,0.2857142857142857,-0.09880008016313825,0.0,0.07538854094177685,0.5833333333333334
node/8739332648,The Vintage Workshop,50.8190915,-0.1228034,shop,clothes,shopping,,St. Georges Road,17,,,kemptown,3,1.0,0.0,0.9983742833137512,1.0,0.4880828114126653,0.375
node/8739332649,K & A News,50.8194414,-0.1240782,shop,convenience,shopping,,St Georges Road,5,,,kemptown,6,0.0,0.16666666666666666,0.30286484956741333,-0.16666666666666666,-0.00866704624533434,0.5454545454545454
node/8739332656,Egg & Spoon,50.8190489,-0.1231617,amenity,cafe,cafe,,St Georges Road,107 - 108,,Mo-Sa 08:00-16:00; Su 09:00-16:00,kemptown,4,0.0,0.5,-0.5103890150785446,-0.5,-0.12170416763318641,0.4444444444444444
node/8739332661,Café Rust,50.8192653,-0.1240274,amenity,cafe,cafe,,St Georges Road,115,,,kemptown,5,0.2,0.4,-0.286800742149353,-0.2,-0.009533750869867774,0.5
node/8739332664,Tuckers,50.8189022,-0.122686,amenity,fast_food,food,,St Georges Road,100,,"Mo-Th 11:00-24:00; Fr,Sa 11:00-01:00",kemptown,4,0.75,0.0,0.5013853311538696,0.75,0.43385138792236916,0.4444444444444444
node/8739332665,Bell & Fox,50.8190615,-0.1226836,shop,clothes,shopping,,St. Georges Road,19,,"Tu-Sa 10:30-16:00; Mo 10:30-15:00; PH,Su off",kemptown,5,0.8,0.0,0.6070409655570984,0.8,0.49046624913013226,0.5
node/8739332675,The Kemp,50.8193841,-0.1238457,amenity,pub,nightlife,,St Georges Road,8,https://kemp.pub/,,kemptown,7,0.5714285714285714,0.14285714285714285,0.15248897245952056,0.42857142857142855,0.3253885409417769,0.5833333333333334
node/8739332678,Kerfuffle,50.8191446,-0.1229867,shop,gift,shopping,,St. Georges Road,14,,Mo-Sa 10:00-17:00; Su off,kemptown,8,0.125,0.25,-0.4277589619159698,-0.125,-0.007333654515282903,0.6153846153846154
node/8739332679,The Golden Cannon,50.8190259,-0.1225397,amenity,pub,nightlife,,St Georges Road,20-21,,,kemptown,5,0.4,0.2,0.2007811427116394,0.2,0.19046624913013224,0.5
node/8739332680,The Boozy Cow,50.8195019,-0.1242443,shop,convenience,shopping,,St Georges Road,2,,"Mo-Th 10:00-24:00, Fr,Sa 10:00-02:00, Su 11:00-24:00",kemptown,7,0.42857142857142855,0.14285714285714285,0.44281197445733206,0.2857142857142857,0.24205520760844354,0.5833333333333334
node/8739332681,Artisan,50.8193286,-0.1242592,amenity,cafe,cafe,,St Georges Road,117,,"Mo-Sa 07:30-16:00, Sa 08:00-16:00",kemptown,5,0.6,0.0,0.21019252538681027,0.6,0.3904662491301322,0.5
node/8786454506,Flock,50.8269727,-0.1379317,shop,clothes,shopping,,,,,"Mo-Fr 11:00-18:00; Sa 10:00-18:00; Su,PH 11:00-17:00",north_laine,3,0.6666666666666666,0.0,0.34641583760579414,0.6666666666666666,0.3630828114126653,0.375
node/8946686024,Peach Blossom,50.8193669,-0.1219794,amenity,restaurant,food,chinese,College Place,37,,We-Mo 17:00-23:00; Tu off,kemptown,8,0.25,0.625,-0.2507502809166908,-0.375,-0.16117980836143675,0.6153846153846154
node/8985832188,The Well,50.8189563,-0.1228044,amenity,bar,nightlife,,St Georges Road,102,,,kemptown,3,0.6666666666666666,0.0,0.42212021350860596,0.6666666666666666,0.3630828114126653,0.375
node/9081681701,Bayon,50.8358948,-0.1700834,shop,bakery,cafe,,Hove Park Villas,11,,,hove,5,0.4,0.2,0.21592766046524048,0.2,0.19046624913013224,0.5
node/9093919454,Paskins Town House,50.8192391,-0.1280728,tourism,guest_house,accommodation,,Charlotte Street,18-19,https://www.paskins.co.uk/,,kemptown,6,0.3333333333333333,0.6666666666666666,-0.3329598506291707,-0.3333333333333333,-0.09957613715442525,0.5454545454545454
node/9093919455,Brighton Surf Hotel,50.8193521,-0.128027,tourism,hotel,accommodation,,Charlotte Street,16,,,kemptown,6,0.3333333333333333,0.3333333333333333,-0.01409288247426351,0.0,0.08224204466375656,0.5454545454545454
node/9093919456,Grey's Hotel,50.819377,-0.1277855,tourism,hotel,accommodation,,Charlotte Street,11,,,kemptown,6,0.3333333333333333,0.3333333333333333,-0.01736396551132202,0.0,0.08224204466375656,0.5454545454545454
node/9093919458,The Twenty One,50.8191294,-0.1281264,tourism,guest_house,accommodation,,Charlotte Street,21,,,kemptown,3,0.3333333333333333,0.0,0.44161176681518555,0.3333333333333333,0.2380828114126653,0.375
node/9093919459,Coward's Guest House,50.8208231,-0.1300858,tourism,guest_house,accommodation,,Upper Rock Gardens,12,,,kemptown,11,0.5454545454545454,0.2727272727272727,0.43312481858513574,0.2727272727272727,0.24404140570633265,0.6875
node/9093919462,White House Hotel,50.8190057,-0.1269718,tourism,hotel,accommodation,,Bedford Street,6,,,kemptown,3,0.0,0.6666666666666666,-0.33436008294423414,-0.6666666666666666,-0.1369171885873347,0.375
node/9093919463,The Square Hotel,50.8197759,-0.1320975,tourism,hotel,accommodation,,New Steine,4,,,kemptown,4,0.0,0.5,-0.13705742359161374,-0.5,-0.12170416763318641,0.4444444444444444
node/9093919464,The Lanes Hotel,50.8187922,-0.1279266,tourism,hotel,accommodation,,Marine Parade,70,,,kemptown,8,0.5,0.25,0.4569278880953789,0.25,0.2234355762539479,0.6153846153846154
node/9093919466,The Claremont,50.8263533,-0.1666892,tourism,guest_house,accommodation,,Second Avenue,13,https://www.theclaremont.eu/,,hove,14,0.2857142857142857,0.5,-0.004184105566569721,-0.2142857142857143,-0.11028092151045672,0.7368421052631579
node/9093919467,The Art House Hove,50.83049,-0.1661226,tourism,guest_house,accommodation,,Wilbury Road,27,,,hove,6,0.0,0.5,-0.3342353602250417,-0.5,-0.19048522806351614,0.5454545454545454
node/9093919469,SoBo Brighton,50.8263485,-0.1758161,tourism,guest_house,accommodation,,Seafield Road,"10,11",,,hove,3,0.6666666666666666,0.0,0.908573587735494,0.6666666666666666,0.3630828114126653,0.375
node/9093919471,Seafield House,50.8273261,-0.1750182,tourism,guest_house,accommodation,,Seafield Road,23,,,hove,5,0.4,0.2,0.16991467475891112,0.2,0.19046624913013224,0.5
node/9093919473,Number 14,50.8209104,-0.1300449,tourism,guest_house,accommodation,,Upper Rock Gardens,14,https://www.number14brighton.com/,,kemptown,4,0.5,0.0,0.9872895777225494,0.5,0.32274027681125805,0.4444444444444444
node/9093919476,Nineteen,50.8204875,-0.1345764,tourism,guest_house,accommodation,,Broad Street,19,,,kemptown,8,0.375,0.25,-0.0034794211387634,0.125,0.14651249933087096,0.6153846153846154
node/9093919478,Chatsworth Hotel,50.8276683,-0.1642397,tourism,hotel,accommodation,,Salisbury Road,9,,,hove,7,0.42857142857142855,0.14285714285714285,0.1578217659677778,0.2857142857142857,0.24205520760844354,0.5833333333333334
node/9093919479,Cavalaire Hotel,50.821467,-0.1293468,tourism,hotel,accommodation,,Upper Rock Gardens,34,,,kemptown,8,0.5,0.0,0.5278729647397995,0.5,0.37728173010010174,0.6153846153846154
node/9093919481,Brighton Inn Boutique Guest Accommodation,50.8196098,-0.1246651,tourism,guest_house,accommodation,,St George's Terrace,20,,,kemptown,5,0.2,0.4,-0.1855974316596985,-0.2,-0.009533750869867774,0.5
node/9093919482,Boydens Guest House,50.8214085,-0.1303983,tourism,guest_house,accommodation,,St James's Avenue,27,,,kemptown,7,0.2857142857142857,0.42857142857142855,-0.1317540492330279,-0.14285714285714285,-0.007944792391556479,0.5833333333333334
node/9093919483,Brighton Boutique Guesthouse,50.819387,-0.1301502,tourism,guest_house,accommodation,,Lower Rock Gardens,27,,,kemptown,6,0.5,0.16666666666666666,0.38380807638168335,0.33333333333333337,0.2640602264819384,0.5454545454545454
node/9093919484,Blanch House,50.819581,-0.1293428,tourism,guest_house,accommodation,,Atlingworth Street,17,,,kemptown,6,0.6666666666666666,0.16666666666666666,0.3787195682525635,0.5,0.3549693173910293,0.5454545454545454
node/9093919485,Horizon,50.8196107,-0.1315114,tourism,guest_house,accommodation,,New Steine,"29,30,31",,,kemptown,3,0.6666666666666666,0.3333333333333333,0.33296243349711113,0.3333333333333333,0.2380828114126653,0.375
node/9093919486,Marine View,50.8199233,-0.1314175,tourism,guest_house,accommodation,,New Steine,24,,,kemptown,4,0.5,0.25,0.49527706205844874,0.25,0.21162916570014692,0.4444444444444444
node/9093919487,Ambassador Hotel,50.820008,-0.1313987,tourism,hotel,accommodation,,New Steine,"22,23",,,kemptown,7,0.14285714285714285,0.42857142857142855,0.08889942509787425,-0.2857142857142857,-0.0912781257248898,0.5833333333333334
node/9239118061,L'Atelier du Vin,50.8246475,-0.1439179,amenity,bar,nightlife,,Queen Square,11,https://www.latelierduvin.co.uk/latelier-du-vin-at-q-square/,,north_laine,7,0.2857142857142857,0.2857142857142857,0.12142878770828246,0.0,0.07538854094177685,0.5833333333333334
node/9486153770,FIKA Hove,50.8281297,-0.1712239,amenity,cafe,cafe,breakfast;lunch;sandwich;coffee_shop,Norton Road,1,https://www.fikasussex.co.uk/hove-cafe,Mo-Fr 08:00-15:00; Sa-Su 09:00-15:00,hove,5,0.4,0.0,0.14270116090774537,0.4,0.29046624913013225,0.5
node/9497554617,The FAIR shop,50.8223893,-0.1422405,shop,clothes,shopping,,Dukes Lane,9,,,the_lanes,8,0.625,0.25,0.4614002034068108,0.375,0.3003586531770248,0.6153846153846154
node/9655655193,Zafron Bukhari Kitchen,50.8255322,-0.1375918,amenity,restaurant,food,,,,,,north_laine,5,0.8,0.0,0.995041835308075,0.8,0.49046624913013226,0.5
node/9687661008,Belgian Chips,50.8281207,-0.1416279,amenity,fast_food,food,,Queen's Road,67,,,north_laine,5,0.6,0.0,0.2581956148147582,0.6,0.3904662491301322,0.5
node/9687661011,KOGI to-go Korean kitchen,50.828077,-0.1416525,amenity,fast_food,food,korean,Queen's Road,66,https://www.kogiuk.com/,,north_laine,4,0.5,0.25,0.4974515587091446,0.25,0.21162916570014692,0.4444444444444444
node/9687661013,Amar News,50.828167,-0.1416014,shop,convenience,shopping,,Queen's Road,68,,,north_laine,4,0.75,0.0,0.5028818547725677,0.75,0.43385138792236916,0.4444444444444444
node/9687661014,Lotties Coffee Shop,50.8278636,-0.1417434,amenity,cafe,cafe,,Queen's Road,62,,Mo-Sa 09:00-16:30; Su 10:00-15:30,north_laine,5,0.2,0.2,0.21160370111465454,0.0,0.09046624913013222,0.5
node/9687661016,Mr Wang Hot Pot,50.8277638,-0.1417869,amenity,restaurant,food,chinese,Queen's Road,60,,,north_laine,9,0.5555555555555556,0.2222222222222222,0.13904988103442723,0.33333333333333337,0.2789044636643802,0.6428571428571429
node/9687672918,Sweet Station,50.8280184,-0.1416775,shop,convenience,shopping,,Queen's Road,65,,,north_laine,3,0.3333333333333333,0.6666666666666666,-0.33272731304168696,-0.3333333333333333,-0.011917188587334718,0.375
node/9687672920,Panda Supermarket,50.8275643,-0.1418818,shop,convenience,shopping,chinese,Queen's Road,57,,,north_laine,4,0.25,0.75,-0.49854643642902374,-0.5,-0.12170416763318641,0.4444444444444444
node/9795349395,Marina House Hotel,50.8192644,-0.127834,tourism,hotel,accommodation,,Charlotte Street,8,https://marinahousehotel.com/,,kemptown,3,0.3333333333333333,0.0,0.2708385785420736,0.3333333333333333,0.2380828114126653,0.375
node/9795349396,FAB Guest House,50.8193015,-0.1278117,tourism,guest_house,accommodation,,Charlotte Street,9,,,kemptown,4,0.0,0.0,0.09914657473564148,0.0,0.1005180545890358,0.4444444444444444
node/9831089004,ease,50.8268615,-0.1386159,amenity,cafe,cafe,,Gloucester Road,27,,,north_laine,9,0.6666666666666666,0.1111111111111111,0.5549579792552524,0.5555555555555556,0.421761606521523,0.6428571428571429
node/9831149813,Island Takeaway,50.8224632,-0.1343374,amenity,restaurant,food,,Edward Street,162,,18:00-23:30,kemptown,6,0.16666666666666666,0.3333333333333333,0.3273648222287496,-0.16666666666666666,-0.00866704624533434,0.5454545454545454
node/9831149814,The Verdict,50.8224262,-0.1338787,amenity,bar,nightlife,,Edward Street,159,https://verdictjazz.com/,,kemptown,8,0.375,0.375,0.005694665014743805,0.0,0.06958942240779402,0.6153846153846154
node/9831158518,Rocky's Pizza,50.8220721,-0.1316375,amenity,fast_food,food,,Edward Street,147,,,kemptown,8,0.25,0.375,-0.43513815850019455,-0.125,-0.007333654515282903,0.6153846153846154
node/9842236529,Oliver Bonas,50.8226338,-0.140191,shop,clothes,shopping,,,,,,the_lanes,4,0.75,0.25,0.4995894134044647,0.5,0.32274027681125805,0.4444444444444444
node/9842236533,Scamp & Dude,50.8224293,-0.1398127,shop,clothes,shopping,,North Street,18,,,the_lanes,3,0.0,0.6666666666666666,-0.8365994691848755,-0.6666666666666666,-0.1369171885873347,0.375
node/9842236535,As You Like It,50.8223215,-0.139644,amenity,fast_food,food,sandwich,North Street,15,,,the_lanes,3,0.3333333333333333,0.0,0.9844236373901367,0.3333333333333333,0.2380828114126653,0.375
node/9842236540,Lululemon,50.8220219,-0.1391856,shop,clothes,shopping,,North Street,6-7,,,the_lanes,8,0.125,0.375,-0.016510404646396692,-0.25,-0.08425673143835982,0.6153846153846154
node/9862515115,Kat's Kingdom,50.8190257,-0.1230617,shop,clothes,shopping,,,,,Tu-Sa 10:00-17:00,kemptown,6,0.3333333333333333,0.16666666666666666,0.3165750006834666,0.16666666666666666,0.17315113557284748,0.5454545454545454
node/9862564613,Life Fit,50.8198249,-0.1289441,leisure,fitness_centre,outdoor,,St James's Street,64,https://lifefit.me/,Mo-Fr 06:00-21:00; Sa 07:00-17:00,kemptown,6,0.5,0.16666666666666666,0.003381709257761656,0.33333333333333337,0.2640602264819384,0.5454545454545454
node/9863263398,Boho Gelato,50.8201078,-0.1387594,amenity,fast_food,food,ice_cream,Pool Valley,6,https://www.bohogelato.co.uk/,11:00-18:00,the_lanes,6,0.3333333333333333,0.16666666666666666,-0.3112081090609233,0.16666666666666666,0.17315113557284748,0.5454545454545454
node/9863263400,The Villa,50.8201785,-0.1385224,amenity,restaurant,food,turkish,Pool Valley,9-10,,,the_lanes,7,0.7142857142857143,0.2857142857142857,0.42774208954402376,0.4285714285714286,0.3253885409417769,0.5833333333333334
node/9891976364,Twin Pines Coffee House,50.8210531,-0.1351292,amenity,cafe,cafe,,St. James's Street,11A,https://www.twinpinescoffee.com/,,kemptown,6,0.8333333333333334,0.16666666666666666,0.6670377254486084,0.6666666666666667,0.4458784083001202,0.5454545454545454
node/9892047383,Westbourne Guest House,50.8208678,-0.1296057,tourism,guest_house,accommodation,,,,,,kemptown,4,0.25,0.25,-0.020506486296653748,0.0,0.1005180545890358,0.4444444444444444
node/9907513702,MEO Brighton,50.8206683,-0.1325263,amenity,restaurant,food,breakfast;lunch;pastry;sandwich;pancake;brunch;fries;coffee_shop;tea;juice;salad;mediterranean;tapas,St. James's Street,39,https://www.meobrighton.co.uk/,"Su-Th 08:00-17:00, Fr-Sa 08:00-22:00",kemptown,3,0.3333333333333333,0.3333333333333333,0.3086135586102803,0.0,0.11308281141266528,0.375
node/9907571808,Green Gym Group,50.8206704,-0.1324573,leisure,fitness_centre,outdoor,,St. James's Street,39-40,https://greengymgroup.co.uk/,Mo-Su 06:00-22:00,kemptown,7,0.14285714285714285,0.14285714285714285,-0.3951337252344404,0.0,0.07538854094177685,0.5833333333333334
node/9919926196,The Loft,50.8203326,-0.1303102,shop,second_hand,shopping,,St. James's Street,,,,kemptown,8,0.5,0.25,0.26806673407554626,0.25,0.2234355762539479,0.6153846153846154
node/9919926197,Convenience Corner,50.8203471,-0.1304115,shop,convenience,shopping,,St. James's Street,59,,Mo-We 09:30-01:30; Th 09:30-02:00; Fr-Sa 09:30-05:00; Su 10:00-01:30,kemptown,3,0.3333333333333333,0.0,0.2954120834668478,0.3333333333333333,0.2380828114126653,0.375
node/9921274834,Shiv News & Convenience Store,50.8202688,-0.1310094,shop,convenience,shopping,,St. James's Street,79 - 80,,"Mo,Th 06:00-18:30; Tu-We,Fr-Sa 06:00-19:00; Su 06:00-13:30",kemptown,6,0.5,0.5,-0.00033860405286153156,0.0,0.08224204466375656,0.5454545454545454
node/9921274835,The Bridal Atelier,50.8203122,-0.131227,shop,clothes,shopping,,St. James's Street,80B,,,kemptown,5,0.2,0.2,-0.5624299764633178,0.0,0.09046624913013222,0.5
node/9921274838,Dogs Trust,50.8204559,-0.1312356,shop,charity,shopping,,,,https://www.dogstrust.org.uk/support-us/our-shops/charity-shops/brighton,Mo-Sa 10:00-18:00; Su 11:00-17:00,kemptown,4,0.5,0.25,0.49749022722244257,0.25,0.21162916570014692,0.4444444444444444
node/9921274840,Vinyl Curtain,50.8205523,-0.1318276,shop,music,shopping,,St. James's Street,47A,,,kemptown,5,0.6,0.0,0.5957616329193114,0.6,0.3904662491301322,0.5
node/9950988907,New Steine Mews Hostel,50.8209102,-0.1309422,tourism,hostel,accommodation,,,,,,kemptown,3,0.6666666666666666,0.0,0.34376706679662067,0.6666666666666666,0.3630828114126653,0.375
node/9950996457,Hudsons,50.8217582,-0.1310631,tourism,hotel,accommodation,,,,,,kemptown,7,0.5714285714285714,0.0,0.6719701034682137,0.5714285714285714,0.4087218742751102,0.5833333333333334
node/9951304217,Cornerhouse Cafe,50.8371686,-0.1775549,amenity,cafe,cafe,,Sackville Road,142,,,hove,9,0.5555555555555556,0.3333333333333333,0.2817593945397271,0.22222222222222227,0.20747589223580878,0.6428571428571429
node/9951304224,Lucky Star,50.8383936,-0.177886,amenity,fast_food,food,,,,,,hove,3,0.3333333333333333,0.6666666666666666,-0.33300755421320594,-0.3333333333333333,-0.011917188587334718,0.375
node/9975783507,Steve Ovett: Olympian,50.8185092,-0.130012,tourism,artwork,culture,,,,,,kemptown,7,0.7142857142857143,0.2857142857142857,0.4284676994596209,0.4285714285714286,0.3253885409417769,0.5833333333333334
node/10063301748,Ashoka Tandoori Restaurant,50.827688,-0.1693205,amenity,restaurant,food,indian,Church Road,95,https://ashoka-restaurant.co.uk/,Mo-Su 17:00-23:00,hove,3,0.3333333333333333,0.0,0.33461171388626093,0.3333333333333333,0.2380828114126653,0.375
node/10073813809,KFC,50.8312002,-0.1731885,amenity,fast_food,food,chicken,Blatchington Road,107,https://www.kfc.co.uk/kfc-near-me/hove-blatchington-road,Mo-Su 11:00-22:00,hove,5,0.4,0.2,-0.136565887928009,0.2,0.19046624913013224,0.5
node/10082358228,Aji Sushi,50.8275342,-0.1681863,amenity,restaurant,food,sushi,The Drive,1,https://www.ajisushi.co.uk/,"Mo-Su 12:00-15:00,17:30-22:00",hove,6,0.3333333333333333,0.3333333333333333,0.30282918612162274,0.0,0.08224204466375656,0.5454545454545454
node/10101855729,Purezza,50.8210381,-0.1350552,amenity,restaurant,food,pizza,St. James's Street,12,,,kemptown,4,0.0,0.25,0.49185170233249653,-0.25,-0.010593056522075305,0.4444444444444444
node/10101924802,Rawlab Juice & Tea,50.8284118,-0.1389592,amenity,cafe,cafe,juice;tea,Trafalgar Street,73,https://www.rawlabjuice.co.uk/,Mo-Fr 12:00-18:00; Sa 11:00-18:30; Su 11:00-16:00,north_laine,4,0.25,0.25,-0.01956607401371005,0.0,0.1005180545890358,0.4444444444444444
node/10173769217,Fishing Museum Coffee Shop,50.8200052,-0.142402,amenity,cafe,cafe,,King’s Road Arches,195 & 196,,08:00-17:00,the_lanes,4,0.0,0.25,-0.4049351215362549,-0.25,-0.010593056522075305,0.4444444444444444
node/10220591409,Monella,50.8388336,-0.1787695,amenity,cafe,cafe,,Old Shoreham Road,170,https://www.cafemonella.co.uk/,Mo-Fr 08:00-14:30; Sa 09:00-14:30,hove,7,0.2857142857142857,0.2857142857142857,0.3939390778541565,0.0,0.07538854094177685,0.5833333333333334
node/10250580401,The Botanist Coffee Co.,50.8271908,-0.1409989,amenity,cafe,cafe,,Gloucester Road,50A,https://www.thebotanistcoffee.co.uk/,Mo-Su 08:00-16:00,north_laine,6,0.5,0.16666666666666666,0.28373590111732483,0.33333333333333337,0.2640602264819384,0.5454545454545454
node/10301121960,Gelato Gusto,50.8244445,-0.1399046,amenity,ice_cream,cafe,ice_cream,Gardner Street,2,https://www.gelatogusto.com/,,north_laine,7,0.2857142857142857,0.42857142857142855,0.13182232209614347,-0.14285714285714285,-0.007944792391556479,0.5833333333333334
node/10301121961,The Deli,50.8245319,-0.1398629,shop,deli,food,,Gardner Street,4,,,north_laine,4,0.75,0.0,0.9971828013658524,0.75,0.43385138792236916,0.4444444444444444
node/10301121962,Lay Tea,50.8246551,-0.1398012,amenity,cafe,cafe,bubble_tea,Gardner Street,7,,,north_laine,8,0.5,0.25,0.2165061458945274,0.25,0.2234355762539479,0.6153846153846154
node/10301121963,Toby Tiger,50.824827,-0.1397252,shop,clothes,shopping,,Gardner Street,11,http://www.tobytiger.co.uk/,,north_laine,5,0.4,0.2,0.2002842903137207,0.2,0.19046624913013224,0.5
node/10301121965,Just Vintage Lover,50.824963,-0.1396623,shop,clothes,shopping,,Gardner Street,14,,,north_laine,6,0.5,0.5,-0.00019194682439166444,0.0,0.08224204466375656,0.5454545454545454
node/10301121966,Luigi,50.8250802,-0.1396084,shop,clothes,shopping,,Gardner Street,17,,,north_laine,4,0.0,0.75,-0.5135540664196014,-0.75,-0.23281527874429753,0.4444444444444444
node/10301121967,Kissing Fish,50.8251232,-0.1395888,shop,clothes,shopping,,Gardner Street,18,,,north_laine,7,0.0,0.42857142857142855,-0.2479350737162999,-0.42857142857142855,-0.17461145905822315,0.5833333333333334
node/10301121971,Kate and Aud,50.8253328,-0.1394733,shop,clothes,shopping,,Gardner Street,23,,,north_laine,6,0.5,0.16666666666666666,0.052462935447692836,0.33333333333333337,0.2640602264819384,0.5454545454545454
node/10301121972,Cornish Pasty Shop,50.8253765,-0.1394476,amenity,cafe,cafe,,Gardner Street,24,https://www.cornishpasty.shop/,,north_laine,5,0.8,0.2,0.5997610330581665,0.6000000000000001,0.3904662491301323,0.5
node/10301121973,Starfish,50.8254188,-0.1394359,shop,clothes,shopping,,Gardner Street,25,,,north_laine,7,0.2857142857142857,0.2857142857142857,0.4190300277301243,0.0,0.07538854094177685,0.5833333333333334
node/10301121975,Mammoth Vintage,50.8244868,-0.1398771,shop,clothes,shopping,,Gardner Street,3,,,north_laine,5,0.4,0.4,-0.1961944818496704,0.0,0.09046624913013222,0.5
node/10313629001,Popeyes,50.82362,-0.1428804,amenity,fast_food,food,chicken,North Street,131-132,https://popeyesuk.com/restaurants/Brighton,Mo-Su 10:30-22:00,the_lanes,8,0.375,0.0,0.05133640766143799,0.375,0.3003586531770248,0.6153846153846154
node/10539865504,Revaluit HUB,50.8216762,-0.1382663,amenity,cafe,cafe,,Pavilion Buildings,13,https://www.techtakeback.com/revaluit-hub.html,Mo-Fr 09:00-17:00,the_lanes,7,0.8571428571428571,0.0,0.7172225032533918,0.8571428571428571,0.5753885409417768,0.5833333333333334
node/10574586302,Ji The Chicken Shop,50.8275155,-0.1419078,amenity,restaurant,food,fried_chicken;taiwanese,Queen's Road,56,,,north_laine,3,0.3333333333333333,0.0,-0.32366389036178583,0.3333333333333333,0.2380828114126653,0.375
node/10688734405,PizzaExpress,50.8247953,-0.1380829,amenity,restaurant,food,pizza,,16,https://www.pizzaexpress.com/brighton-jubilee-street,,north_laine,4,0.5,0.25,0.0009784549474715631,0.25,0.21162916570014692,0.4444444444444444
node/10690951506,Lazy Fin,50.8199835,-0.1429575,amenity,restaurant,food,brunch,,,,,the_lanes,6,0.6666666666666666,0.16666666666666666,0.6624328593413035,0.5,0.3549693173910293,0.5454545454545454
node/10739807911,On Air,50.8261288,-0.1609469,amenity,cafe,cafe,,Western Road,85,,,hove,4,0.25,0.25,0.016086429357528714,0.0,0.1005180545890358,0.4444444444444444
node/10743732631,Ramsbottom's Fish & Chips,50.8311981,-0.1745917,amenity,restaurant,food,fish_and_chips,Blatchington Road,58,,,hove,5,0.2,0.4,-0.19933460950851437,-0.2,-0.009533750869867774,0.5
node/10743732633,YMCA,50.8311422,-0.1742524,shop,charity,shopping,,Blatchington Road,,,,hove,5,0.4,0.6,-0.1988274812698364,-0.19999999999999996,-0.009533750869867751,0.5
node/10743732635,Amici,50.8311083,-0.1740579,amenity,cafe,cafe,,Blatchington Road,,,,hove,6,0.16666666666666666,0.5,-0.3223413626352946,-0.33333333333333337,-0.09957613715442525,0.5454545454545454
node/10743732642,The Hidden Pantry,50.8315395,-0.1750658,amenity,cafe,cafe,,Blatchington Road,59,,,hove,6,0.16666666666666666,0.16666666666666666,-0.0029306213061014628,0.0,0.08224204466375656,0.5454545454545454
node/10743732650,Oxfam,50.8312724,-0.1750599,shop,charity,shopping,,Blatchington Road,50,,,hove,9,0.3333333333333333,0.2222222222222222,0.3474860986073811,0.1111111111111111,0.1360473208072373,0.6428571428571429
node/10779496436,Tutto,50.8249491,-0.1368647,amenity,restaurant,food,italian,Marlborough Place,20 - 22,https://tutto-restaurant.co.uk/,,north_laine,6,0.5,0.16666666666666666,0.05301108956336977,0.33333333333333337,0.2640602264819384,0.5454545454545454
node/10784474191,Domino's,50.8391148,-0.178455,amenity,fast_food,food,pizza,Old Shoreham Road,93,https://www.dominos.co.uk/pizza-near-me/hove/93-old-shoreham-road,,hove,5,0.6,0.2,0.21738070249557495,0.39999999999999997,0.2904662491301322,0.5
node/10784479211,The Plaza Store,50.8391067,-0.1783745,shop,convenience,shopping,,Old Shoreham Road,,,,hove,6,0.3333333333333333,0.0,0.04309864838918054,0.3333333333333333,0.2640602264819384,0.5454545454545454
node/10793590150,Real Patisserie,50.8287404,-0.1414143,shop,bakery,cafe,,,,https://www.realpatisserie.co.uk/,Mo-Fr 07:30-19:30; Sa 08:00-19:00; Su 08:00-18:00,north_laine,4,0.5,0.0,0.492962509393692,0.5,0.32274027681125805,0.4444444444444444
node/10804157584,Chatime,50.824036,-0.1431299,amenity,cafe,cafe,bubble_tea,Queens Road,133,,Mo-Su 11:00-21:00,north_laine,12,0.4166666666666667,0.08333333333333333,0.30156850318113965,0.33333333333333337,0.2885095583118425,0.7058823529411765
node/10804181638,Greggs,50.8270055,-0.1416601,amenity,fast_food,food,sandwich;bakery,Queens Road,96 - 99,https://www.greggs.co.uk/shop-finder?shop-code=5367,,north_laine,3,1.0,0.0,0.9986103375752768,1.0,0.4880828114126653,0.375
node/10809379880,The Poets Ale and Smokehouse,50.8341568,-0.1788108,amenity,pub,nightlife,,Montgomery Street,33,https://www.thepoets.pub/,,hove,7,0.42857142857142855,0.14285714285714285,0.1689651267869132,0.2857142857142857,0.24205520760844354,0.5833333333333334
node/10809379881,The Ancient Mariner,50.8352321,-0.1827335,amenity,pub,nightlife,,Rutland Road,59,https://www.ancientmariner.pub/,,hove,8,0.5,0.125,0.47582050412893295,0.375,0.3003586531770248,0.6153846153846154
node/10816955262,The George Payne,50.8360204,-0.1860195,amenity,pub,nightlife,,Payne Avenue,18,https://www.thegeorgepayne.co.uk/,,hove,3,0.3333333333333333,0.3333333333333333,-0.3191106915473938,0.0,0.11308281141266528,0.375
node/10860475232,Be At One,50.8214441,-0.1383381,amenity,bar,nightlife,,Castle Square,5,https://www.beatone.co.uk/brighton,,the_lanes,10,0.6,0.1,0.7954202353954315,0.5,0.39364416608675484,0.6666666666666666
node/10873219483,Captains,50.8192016,-0.135513,amenity,restaurant,food,fish_and_chips,Madeira Drive,,https://www.captainsbrighton.co.uk/,,kemptown,3,0.6666666666666666,0.0,0.3349589705467224,0.6666666666666666,0.3630828114126653,0.375
node/10873898716,Loading,50.8191751,-0.1353183,amenity,bar,nightlife,,Madeira Drive,,https://loading.bar/articles/loading-brighton/,"Fr,Sa 12:00-23:00; Su 12:00-20:00; Tu-Th 15:00-23:00",kemptown,4,0.5,0.0,0.49972012639045715,0.5,0.32274027681125805,0.4444444444444444
node/10902871453,Mad Hatters,50.8282258,-0.1375387,shop,clothes,shopping,,Trafalgar Street,89,https://www.madhattersandfriends.co.uk/,,north_laine,4,0.25,0.25,-0.05602267384529111,0.0,0.1005180545890358,0.4444444444444444
node/10902896200,Across the Tracks,50.8268938,-0.1379844,shop,music,shopping,,Gloucester Road,110,,Mo-Sa 10:00-18:00; Su 12:00-17:00,north_laine,8,0.5,0.125,0.25778578966856003,0.375,0.3003586531770248,0.6153846153846154
node/10903341676,P R News Ltd,50.8211737,-0.1361528,shop,convenience,shopping,,St. James's Street,1C,,,the_lanes,5,0.4,0.2,0.5290104150772095,0.2,0.19046624913013224,0.5
node/10919545661,Pompoko,50.8240926,-0.1387971,amenity,restaurant,food,japanese,Church Street,110,https://pompoko.co.uk/,Mo-Su 11:30-23:00,north_laine,10,0.6,0.2,0.5902509093284607,0.39999999999999997,0.3269774994200881,0.6666666666666666
node/10922909413,Little Jack Fullers Fish and Chips,50.8206939,-0.1336978,amenity,fast_food,food,fish_and_chips,St. James's Street,102,,,kemptown,8,0.25,0.625,-0.2515980079770088,-0.375,-0.16117980836143675,0.6153846153846154
node/10932517648,Little Miss Piggies,50.8205052,-0.13231,amenity,cafe,cafe,breakfast;brunch,St. James's Street,85,,Mo-Fr 08:00-15:00; Sa-Su 08:30-15:00,kemptown,5,0.2,0.2,0.08422069549560547,0.0,0.09046624913013222,0.5
node/10967511484,Wabi Sabi,50.8280094,-0.1720381,amenity,fast_food,food,,Church Road,121,,,hove,10,0.1,0.2,-0.21438375711441035,-0.1,-0.006355833913245183,0.6666666666666666
node/10967511488,Joe & Co,50.8279891,-0.1717687,amenity,cafe,cafe,,Church Road,115,,,hove,5,0.6,0.0,0.619000244140625,0.6,0.3904662491301322,0.5
node/10967511489,Brød+Wolf,50.8280188,-0.1721229,shop,bakery,cafe,,Church Road,123,,,hove,3,0.6666666666666666,0.0,0.9517837762832642,0.6666666666666666,0.3630828114126653,0.375
node/10967527334,Giggling Squid,50.8280723,-0.1726245,amenity,restaurant,food,thai,Church Road,129,https://www.gigglingsquid.com/restaurant/hove,,hove,3,0.3333333333333333,0.0,0.27591421206792194,0.3333333333333333,0.2380828114126653,0.375
node/10967527335,Hove Newsagent,50.8281001,-0.1728645,shop,convenience,shopping,,,,,,hove,4,0.25,0.25,0.007537901401519775,0.0,0.1005180545890358,0.4444444444444444
node/11009056411,Wolfies Of Hove,50.8344388,-0.1713822,amenity,fast_food,food,fish_and_chips,Goldstone Villas,90,https://wolfies-hove.co.uk/,Mo-Su 12:00-22:00,hove,3,0.3333333333333333,0.0,0.9748095671335856,0.3333333333333333,0.2380828114126653,0.375
node/11074221070,Greekatessen,50.8234903,-0.144682,amenity,fast_food,food,greek,,,https://churchillsquare.com/shops/greekatessen/,Su-Th 10:00-21:00; Fr 10:00-01:00; Sa 10:00-02:30,the_lanes,4,0.5,0.0,0.0608947426080704,0.5,0.32274027681125805,0.4444444444444444
node/11074221072,Trading Post Coffee Roasters,50.8235311,-0.1448484,amenity,cafe,cafe,coffee_shop,Churchill Square,,https://churchillsquare.com/shops/trading-post/,,the_lanes,7,0.42857142857142855,0.14285714285714285,0.3747762271336147,0.2857142857142857,0.24205520760844354,0.5833333333333334
node/11074221073,Hero’s Ices,50.8235179,-0.14496,amenity,ice_cream,cafe,,,,https://churchillsquare.com/shops/heros-ices/,,the_lanes,3,0.3333333333333333,0.3333333333333333,0.3308416604995727,0.0,0.11308281141266528,0.375
node/11087459140,Truffle World,50.8225595,-0.1406311,shop,deli,food,,North Street,26B,,,the_lanes,5,0.4,0.2,0.5042407870292663,0.2,0.19046624913013224,0.5
node/11090178238,Starfish & Coffee,50.8234356,-0.1285945,amenity,cafe,cafe,breakfast;pancake;brunch,Egremont Place,32,https://starfishandcoffee.cafe/,"Mo 09:00-14:30; Tu 09:00-14:30; We 09:00-14:30; Th 09:00-14:30, 17:30-21:30; Fr 09:00-14:30,17:30-21:30; Sa 09:00-14:30,17:30-21:30; Su 09:00-14:30",kemptown,3,0.0,0.3333333333333333,-0.31904093424479174,-0.3333333333333333,-0.011917188587334718,0.375
node/11097661159,The Bystander Cafe,50.8288019,-0.1418405,amenity,cafe,cafe,breakfast;burger;salad,Terminus Road,1,,,north_laine,4,0.0,0.75,-0.5057143867015839,-0.75,-0.23281527874429753,0.4444444444444444
node/11105994494,Island Poké,50.8232571,-0.1438808,amenity,restaurant,food,hawaiian;poke,West Street,38,https://www.islandpoke.com/location/brighton/,Mo-Su 11:00-22:00,the_lanes,5,0.4,0.2,0.5308987498283386,0.2,0.19046624913013224,0.5
node/11136003951,LOAM,50.8268592,-0.1378791,amenity,cafe,cafe,,Gloucester Road,111,,,north_laine,6,0.6666666666666666,0.16666666666666666,0.6631534496943156,0.5,0.3549693173910293,0.5454545454545454
node/11140024299,Gourmet Bangers,50.8287314,-0.1413407,amenity,fast_food,food,burger,,,,,north_laine,4,0.75,0.25,0.4980304539203644,0.5,0.32274027681125805,0.4444444444444444
node/11148878872,i360 Café,50.8213812,-0.1504654,amenity,cafe,cafe,,,,https://www.brightoni360.co.uk/eat-drink/i360-cafe/,,seafront,27,0.3333333333333333,0.2962962962962963,0.05432624728591354,0.037037037037037035,0.059520702853166324,0.84375
node/11148973563,Riddle & Finns The Beach,50.8203158,-0.1449702,amenity,restaurant,food,seafood,Kings Road,65,https://www.riddleandfinns.co.uk/restaurant-brighton-beach/,,the_lanes,5,0.2,0.6,-0.20064315795898438,-0.39999999999999997,-0.10953375086986776,0.5
node/11153342606,17 grams,50.8225084,-0.1404867,amenity,cafe,cafe,breakfast;coffee_shop,Meeting House Lane,12D,https://17grams.co.uk/locations/brighton/,Mo-Sa 09:00-17:00; Su 09:30-17:00,the_lanes,5,0.6,0.0,0.5687582731246948,0.6,0.3904662491301322,0.5
node/11159828894,Afrori,50.8259843,-0.14192,shop,books,shopping,,,,https://afroribooks.co.uk/,,north_laine,4,0.75,0.0,0.5281419605016708,0.75,0.43385138792236916,0.4444444444444444
node/11161586907,Ed's Easy Diner,50.8230941,-0.1458988,amenity,restaurant,food,,,,https://edseasydiner.com/restaurants/brighton,Mo-We 10:00-17:00; Th-Sa 10:00-18:00; Su 11:00-16:00,the_lanes,6,0.5,0.16666666666666666,0.3285294870535533,0.33333333333333337,0.2640602264819384,0.5454545454545454
node/11169135200,magazine brighton,50.8281183,-0.1377773,shop,clothes,shopping,,Trafalgar Street,22,,,north_laine,3,0.3333333333333333,0.3333333333333333,0.21698856353759763,0.0,0.11308281141266528,0.375
node/11169135202,Cut Your Wolf Loose,50.8281285,-0.1378387,amenity,bar,nightlife,,Trafalgar Street,23,https://cutyourwolfloose.com/,,north_laine,7,0.14285714285714285,0.2857142857142857,0.17009539263589044,-0.14285714285714285,-0.007944792391556479,0.5833333333333334
node/11176138409,The Co-operative Food,50.8339414,-0.1916279,shop,convenience,shopping,,Portland Road,268-272,https://stores.southern.coop/east-sussex/hove/268-272-portland-road.html,Mo-Su 06:30-22:00,hove,9,0.2222222222222222,0.5555555555555556,-0.32956939273410374,-0.33333333333333337,-0.14966696490704842,0.6428571428571429
node/11182095644,Beach Hut Cafe,50.8191837,-0.1388417,amenity,cafe,cafe,,Grand Junction Road,20,,,the_lanes,3,0.3333333333333333,0.0,0.35714465379714966,0.3333333333333333,0.2380828114126653,0.375
node/11182160517,Tide Club,50.8196824,-0.1413561,amenity,nightclub,nightlife,,,,https://tidenightclub.com/,,the_lanes,4,0.25,0.0,0.49410428106784815,0.25,0.21162916570014692,0.4444444444444444
node/11196218665,Open Bakery,50.823617,-0.1281061,shop,bakery,cafe,,West Drive,35,https://openbakery.co.uk/queens-park,Mo-Sa 08:00-16:00,kemptown,5,0.2,0.0,0.4825399160385132,0.2,0.19046624913013224,0.5
node/11226815696,Pier View Brighton,50.8192627,-0.13742,amenity,fast_food,food,fish_and_chips,Kings Road Arches,254,,,the_lanes,6,0.3333333333333333,0.3333333333333333,0.019484033187230465,0.0,0.08224204466375656,0.5454545454545454
node/11228040210,Crunch & Co,50.8243266,-0.1400986,amenity,fast_food,food,sandwich,Church Street,7,https://crunchandco.co.uk/,Mo-Sa 11:00-17:00; Su off,north_laine,4,0.5,0.5,0.000636398792266818,0.0,0.1005180545890358,0.4444444444444444
node/11228040211,Gresham Blake,50.8242772,-0.1399774,shop,clothes,shopping,,Bond Street,20,https://greshamblake.com/,Mo-Sa 10:00-18:00; Su 11:00-17:00,north_laine,5,0.4,0.2,0.5005891084671021,0.2,0.19046624913013224,0.5
node/11239653064,Puzzle Bored,50.8238305,-0.139141,amenity,cafe,cafe,,New Road,27,https://www.puzzlebored.co.uk/,,north_laine,9,0.4444444444444444,0.4444444444444444,0.10982376999325222,0.0,0.06461874937866588,0.6428571428571429
node/11240069095,Story mfg.,50.827213,-0.1404418,shop,clothes,shopping,,Gloucester Road,85,https://www.storymfg.com/pages/brighton-shop-info,,north_laine,6,0.0,0.3333333333333333,-0.3761221667130788,-0.3333333333333333,-0.09957613715442525,0.5454545454545454
node/11297486229,Amherst House,50.8196251,-0.1305109,tourism,hotel,accommodation,,,,,,kemptown,9,0.4444444444444444,0.2222222222222222,0.33096720112694633,0.2222222222222222,0.20747589223580873,0.6428571428571429
node/11375212390,Antonio Leather,50.8230343,-0.1413881,shop,clothes,shopping,,Ship Street,42A,,,the_lanes,3,0.3333333333333333,0.3333333333333333,-0.33163396517435706,0.0,0.11308281141266528,0.375
node/11470402835,Garden Café Brighton,50.825673,-0.139601,amenity,cafe,cafe,breakfast;cake,North Road,29,,,north_laine,6,0.5,0.3333333333333333,0.017644514640172287,0.16666666666666669,0.17315113557284748,0.5454545454545454
node/11503828186,Vios Café,50.8218278,-0.1401237,amenity,cafe,cafe,mediterranean,Brighton Square,21,,Mo-Fr 10:00-16:30; Sa 10:00-18:00,the_lanes,5,0.8,0.0,0.9979563355445862,0.8,0.49046624913013226,0.5
node/11665706917,Twisted Lime,50.8206506,-0.1434481,amenity,bar,nightlife,,Middle Street,1,,,the_lanes,3,0.6666666666666666,0.0,0.33579214413960773,0.6666666666666666,0.3630828114126653,0.375
node/11668567655,Indian Summer,50.8202388,-0.1391057,amenity,restaurant,food,indian,East Street,70,https://www.indiansummerbrighton.co.uk/,,the_lanes,4,0.25,0.25,6.094574928280916e-05,0.0,0.1005180545890358,0.4444444444444444
node/11819318104,Jacob's Bakery+ Cafe,50.8261116,-0.1359508,amenity,cafe,cafe,bakery;cake;sandwich,Gloucester Place,,https://www.jacobscakes.com/,,north_laine,7,0.42857142857142855,0.0,0.11035124744687765,0.42857142857142855,0.3253885409417769,0.5833333333333334
node/11844725480,Persia,50.8279427,-0.1735727,amenity,restaurant,food,,Church Road,126,,,hove,8,0.875,0.0,0.9955720826983452,0.875,0.6080509608693325,0.6153846153846154
node/11885953887,Mind,50.8211008,-0.1355841,shop,charity,shopping,,St. James's Street,5,https://www.mind.org.uk/help/mind_in_your_area/24,Mo-Su 09:30-17:30,kemptown,6,0.16666666666666666,0.5,-0.024369031190872192,-0.33333333333333337,-0.09957613715442525,0.5454545454545454
node/11885953902,Vero Gusto,50.8211321,-0.1358562,shop,bakery,cafe,,St. James's Street,2,,,the_lanes,4,0.5,0.25,0.005788177251815824,0.25,0.21162916570014692,0.4444444444444444
node/11885953903,Belgian Chips,50.8211218,-0.1357801,amenity,fast_food,food,,St. James's Street,3,,,kemptown,4,0.5,0.0,0.8999584764242172,0.5,0.32274027681125805,0.4444444444444444
node/11885953904,Mace Express,50.8211163,-0.1357008,shop,convenience,shopping,,St. James's Street,4,,Mo-Su 07:00-24:00,kemptown,6,0.5,0.3333333333333333,0.3313095271587372,0.16666666666666669,0.17315113557284748,0.5454545454545454
node/11885953909,Karma Foods,50.8210224,-0.1349162,shop,convenience,shopping,,St. James's Street,14,,,kemptown,5,0.4,0.0,-0.17868995666503903,0.4,0.29046624913013225,0.5
node/11886081744,Detroit Club,50.8208037,-0.1345274,amenity,restaurant,food,pizza,St. James's Street,111,https://www.detroitclub.co.uk/,,kemptown,6,0.5,0.3333333333333333,0.002431283394495646,0.16666666666666669,0.17315113557284748,0.5454545454545454
node/11886081750,Leman Tea Room,50.8207021,-0.1342205,amenity,cafe,cafe,,Madeira Place,15A,https://www.lemantearoom.com/,,kemptown,5,0.4,0.2,0.5294811010360718,0.2,0.19046624913013224,0.5
node/11886081751,The Griffin,50.8206146,-0.1342512,tourism,guest_house,accommodation,,Madeira Place,14,http://www.griffinbrighton.co.uk/,,kemptown,6,0.3333333333333333,0.5,-0.3171139160792033,-0.16666666666666669,-0.00866704624533434,0.5454545454545454
node/11886089190,The Beach Pad,50.8205389,-0.1345632,tourism,guest_house,accommodation,,Broad Street,18,https://www.beachpad.co.uk/,,kemptown,9,0.6666666666666666,0.0,0.7812531789143881,0.6666666666666666,0.49319017795009445,0.6428571428571429
node/11886089191,Millards,50.8202857,-0.1346115,tourism,guest_house,accommodation,,Broad Street,23,http://www.millards-hotel-brighton.com/,,kemptown,7,0.42857142857142855,0.14285714285714285,-0.1357006941522871,0.2857142857142857,0.24205520760844354,0.5833333333333334
node/11886089192,Pink Pavillion,50.8205208,-0.1342833,tourism,guest_house,accommodation,,Madeira Place,12,http://www.brightonpavilion.co.uk/,,kemptown,8,0.375,0.375,0.1920570656657219,0.0,0.06958942240779402,0.6153846153846154
node/11886089193,Grand Pier,50.8204755,-0.1342934,tourism,guest_house,accommodation,,Madeira Place,11,https://grandpierguesthouse.co.uk/,,kemptown,7,0.2857142857142857,0.14285714285714285,-0.1390645333698818,0.14285714285714285,0.1587218742751102,0.5833333333333334
node/11886089194,Brighton Wave,50.8204314,-0.1343036,tourism,guest_house,accommodation,,Madeira Place,10,https://www.brightonwave.com/,,kemptown,8,0.375,0.25,0.02642327547073367,0.125,0.14651249933087096,0.6153846153846154
node/11886089195,The Kelvin,50.8203868,-0.1343145,tourism,guest_house,accommodation,,Madeira Place,9,http://thekelvin.co.uk/,,kemptown,6,0.3333333333333333,0.16666666666666666,0.2759436666965485,0.16666666666666666,0.17315113557284748,0.5454545454545454
node/11886089196,Istanbul Guest House,50.8203391,-0.1343245,tourism,guest_house,accommodation,,Madeira Place,8,,,kemptown,5,0.6,0.4,0.19958618879318238,0.19999999999999996,0.1904662491301322,0.5
node/11886089197,The Old Palace,50.8202945,-0.1343316,tourism,guest_house,accommodation,,Madeira Place,7,https://oldpalaceguesthouse.co.uk/,,kemptown,9,0.4444444444444444,0.2222222222222222,0.15787969032923377,0.2222222222222222,0.20747589223580873,0.6428571428571429
node/11886089203,Bagelman,50.8207697,-0.1342775,amenity,fast_food,food,,St. James's Street,108,,,kemptown,5,0.6,0.0,0.8962929248809814,0.6,0.3904662491301322,0.5
node/11910010472,Tucked Away,50.8282688,-0.1372421,amenity,fast_food,food,sandwich,Trafalgar Street,,,,north_laine,5,0.6,0.0,0.3002078890800476,0.6,0.3904662491301322,0.5
node/11910010473,J&J Mini Market,50.828211,-0.136877,shop,convenience,shopping,,Pelham Street,1A,,,north_laine,6,0.3333333333333333,0.5,-0.019591401020685833,-0.16666666666666669,-0.00866704624533434,0.5454545454545454
node/11922931569,Bison Beer Bar @ Sea Lanes,50.817332,-0.124319,amenity,bar,nightlife,,,,https://bisonbeer.co.uk,"Su-Tu 12:00-21:00;
We-Sa 12:00-23:00",kemptown,5,0.6,0.2,0.5871117115020752,0.39999999999999997,0.2904662491301322,0.5
node/11929999051,BRUHA,50.8211871,-0.1393599,amenity,restaurant,food,filipino,East Street,28,,,the_lanes,4,0.25,0.0,0.016745582222938538,0.25,0.21162916570014692,0.4444444444444444
node/11966372169,FIKA,50.8173832,-0.1244108,amenity,cafe,cafe,coffee_shop,Madeira Drive,300,http://fikasussex.co.uk,07:00-17:00,kemptown,6,0.3333333333333333,0.5,-0.3320111334323883,-0.16666666666666669,-0.00866704624533434,0.5454545454545454
node/12041167058,Joe's Burger House,50.8270173,-0.1669696,amenity,fast_food,food,burger,Church Road,20a,https://www.joesburgerhouse.com/,,hove,9,0.5555555555555556,0.3333333333333333,0.33197082413567436,0.22222222222222227,0.20747589223580878,0.6428571428571429
node/12074952052,Mowgli Street Food,50.8223313,-0.1426654,amenity,restaurant,food,indian,Dukes Lane,12-14,https://www.mowglistreetfood.com/restaurants/brighton/,Su-Th 11:30-20:00; Fr-Sa 11:30-22:30,the_lanes,5,0.2,0.2,0.19661395549774174,0.0,0.09046624913013222,0.5
node/12074952053,Toast,50.8223574,-0.142418,shop,clothes,shopping,,Dukes Lane,17-18,,Mo-Sa 09:30-18:00; Su 11:00-17:00,the_lanes,4,0.25,0.5,-0.4983126372098923,-0.25,-0.010593056522075305,0.4444444444444444
node/12074952054,Ben Sherman,50.8222847,-0.1423013,shop,clothes,shopping,,Dukes Lane,19-20,,,the_lanes,3,0.3333333333333333,0.3333333333333333,0.32497568925221765,0.0,0.11308281141266528,0.375
node/12145044007,Morelli Zorelli,50.8257212,-0.1599152,amenity,restaurant,food,italian;pizza,Western Road,40,https://www.morellizorelli.co.uk/,,hove,7,0.7142857142857143,0.0,0.47393694945744114,0.7142857142857143,0.4920552076084435,0.5833333333333334
node/12228316559,Sawadee,50.8205388,-0.1325365,amenity,restaurant,food,thai,St. James's Street,87,https://www.sawadeebrighton.co.uk/,,kemptown,8,0.75,0.0,0.5015084967017174,0.75,0.5311278839462555,0.6153846153846154
node/12254835701,Roasta,50.8288873,-0.1418129,amenity,cafe,cafe,,Terminus Road,3,,,north_laine,4,0.5,0.0,0.05435658991336825,0.5,0.32274027681125805,0.4444444444444444
node/12546579959,Old Police Cells Museum,50.8207833,-0.1401991,tourism,museum,culture,,,,Q113370209,,the_lanes,5,0.4,0.2,-0.17769958972930905,0.2,0.19046624913013224,0.5
node/12574411882,Seaside Fish & Chips,50.8192348,-0.1324081,amenity,fast_food,food,,,,,,kemptown,4,0.25,0.25,-0.0013822913169861117,0.0,0.1005180545890358,0.4444444444444444
node/12574449033,OFF THE HOOK - Fish and Chips,50.8191417,-0.1319555,amenity,fast_food,food,fish_and_chips,Madeira Drive,11-14,https://offthehook.yhzdigital.agency/,,kemptown,3,0.6666666666666666,0.0,0.33995093901952106,0.6666666666666666,0.3630828114126653,0.375
node/12578481815,Brighton Seafront Art Pieces,50.8214743,-0.1516742,tourism,attraction,culture,,,,,,seafront,31,0.5806451612903226,0.16129032258064516,0.4127926326567127,0.4193548387096775,0.38624062475837007,0.8611111111111112
node/12578597269,Drift,50.8212136,-0.1505481,amenity,bar,nightlife,,,,https://www.driftbarandkitchen.co.uk/,,seafront,28,0.4642857142857143,0.32142857142857145,0.07235878493104662,0.14285714285714285,0.14862613610004008,0.8484848484848485
node/12595659201,Shiraz Persian Restaurant,50.8271324,-0.1672832,amenity,restaurant,food,persian,Church Road,28,https://www.shirazpersianrestaurant.co.uk/,Mo-Su 12:00-22:00,hove,6,0.3333333333333333,0.3333333333333333,0.28514900803565973,0.0,0.08224204466375656,0.5454545454545454
node/12638185021,Peacocks,50.8311811,-0.1728067,shop,clothes,shopping,,Blatchington Road,,,,hove,4,0.5,0.25,0.40585440397262573,0.25,0.21162916570014692,0.4444444444444444
node/12640757559,Flight of the Langoustine,50.8237693,-0.1694794,tourism,artwork,culture,,,,https://hoveplinth.org.uk/flight-of-the-langoustine/,,seafront,26,0.5,0.2692307692307692,0.1536880571108598,0.23076923076923078,0.22273104810649427,0.8387096774193549
node/12672795684,Guild Care,50.8291007,-0.1738895,shop,charity,shopping,,George Street,93-94,,,hove,6,0.16666666666666666,0.3333333333333333,0.31345685323079425,-0.16666666666666666,-0.00866704624533434,0.5454545454545454
node/12721849259,Social Board,50.8209611,-0.1343216,amenity,cafe,cafe,sandwich,St. James's Street,21,https://socialboardbrighton.com/,,kemptown,5,0.4,0.4,0.19917396306991575,0.0,0.09046624913013222,0.5
node/12732060602,The Queery,50.8216145,-0.1343975,shop,books,shopping,,George Street,46,https://thequeery.co.uk,Mo-Su 00:00-18:00,kemptown,8,0.25,0.125,0.005170457065105452,0.125,0.14651249933087096,0.6153846153846154
node/12745136607,Yummy Kũrtõs,50.8258328,-0.1398245,shop,bakery,cafe,,North Road,71,,,north_laine,5,0.2,0.0,0.96255464553833,0.2,0.19046624913013224,0.5
node/12759059953,The Station,50.8357917,-0.1701478,shop,convenience,shopping,,Hove Park Villas,7A,,,hove,4,0.0,0.75,-0.5006965547800064,-0.75,-0.23281527874429753,0.4444444444444444
node/12783536564,Marlborough Place,50.8242794,-0.1371657,tourism,guest_house,accommodation,,,,http://www.marlboroughplace.com,,north_laine,5,0.0,0.2,-0.16200451850891112,-0.2,-0.009533750869867774,0.5
node/12790242301,The Latest Music Bar,50.8204839,-0.1354995,amenity,bar,nightlife,,Manchester Street,14-17,http://thelatest.co.uk/musicbar/,,kemptown,4,0.25,0.25,0.0285335630178451,0.0,0.1005180545890358,0.4444444444444444
node/12805012161,Brighton Beach Hut,50.8216108,-0.1529465,amenity,ice_cream,cafe,,,,,,seafront,23,0.34782608695652173,0.2608695652173913,0.02198053442913553,0.08695652173913043,0.10373794611790436,0.8214285714285714
node/12870015769,Caccia and Tails,50.8249016,-0.1394298,amenity,restaurant,food,,Gardner Street,44-46,https://cacciaandtails.com/,,north_laine,6,0.3333333333333333,0.0,0.5807381172974905,0.3333333333333333,0.2640602264819384,0.5454545454545454
node/12926383428,Youme Sushi,50.8222012,-0.1389221,amenity,restaurant,food,sushi,,,,,the_lanes,7,0.2857142857142857,0.2857142857142857,0.14361345767974854,0.0,0.07538854094177685,0.5833333333333334
node/12989077575,Lost in the Lanes,50.8213544,-0.1405785,amenity,restaurant,food,,Nile Street,10,https://www.lostinthelanes.com/,,the_lanes,10,0.2,0.2,0.1934361934661865,0.0,0.06031083275342149,0.6666666666666666
node/12997916123,Tempest,50.8203065,-0.1443055,amenity,pub,nightlife,,King's Road,159-161,https://www.tempest.pub/,,the_lanes,4,0.75,0.0,0.997131735086441,0.75,0.43385138792236916,0.4444444444444444
node/13050892233,Socktopus,50.8257623,-0.1392663,shop,clothes,shopping,,North Road,76-78,https://socktopus.com/pages/socktopus-brighton,,north_laine,6,0.5,0.3333333333333333,0.002025246620178204,0.16666666666666669,0.17315113557284748,0.5454545454545454
node/13065652898,Naked Chips,50.8287792,-0.1414421,amenity,fast_food,food,fries,,,,,north_laine,5,0.4,0.4,-0.17885704040527345,0.0,0.09046624913013222,0.5
node/13078970068,Sainsbury's Local,50.8268196,-0.1421704,shop,convenience,shopping,,Queen's Road,43-46,https://stores.sainsburys.co.uk/6144/brighton-queens-road-local,07:00-21:00,north_laine,6,0.6666666666666666,0.0,0.7436866362889608,0.6666666666666666,0.4458784083001202,0.5454545454545454
node/13078970069,Truffle World,50.8263101,-0.1423673,shop,deli,food,,,,https://truffleworld.store/,,north_laine,6,0.6666666666666666,0.0,0.985543429851532,0.6666666666666666,0.4458784083001202,0.5454545454545454
node/13078970073,Leya Market,50.8259095,-0.1425961,shop,convenience,shopping,,Queens Road,28,,,north_laine,3,0.6666666666666666,0.0,0.3459220925966899,0.6666666666666666,0.3630828114126653,0.375
node/13078970074,99 Supermarket,50.825762,-0.1426463,shop,convenience,shopping,,Queens Road,26,,,north_laine,4,0.25,0.75,-0.49928243458271027,-0.5,-0.12170416763318641,0.4444444444444444
node/13082852616,"I have great desire, My desire is great",50.8189934,-0.1308759,tourism,artwork,culture,,,,https://www.brighton-hove.gov.uk/libraries-leisure-and-arts/arts-and-culture/public-art-i-have-great-desire-my-desire-great,,kemptown,7,0.2857142857142857,0.14285714285714285,0.36819291966302053,0.14285714285714285,0.1587218742751102,0.5833333333333334
node/13123799862,DANDY,50.8273041,-0.1376839,amenity,cafe,cafe,coffee_shop,Sydney Street,39A,,,north_laine,5,0.6,0.0,0.5844409584999084,0.6,0.3904662491301322,0.5
node/13157129457,Roti King,50.8221319,-0.1415035,amenity,restaurant,food,malaysian,Ship Street,57,https://rotiking.com/location/brighton/,,the_lanes,3,0.0,0.0,0.3782423933347066,0.0,0.11308281141266528,0.375
node/13157789286,Chip Basket,50.8330331,-0.1818607,amenity,fast_food,food,fish_and_chips,Portland Road,75,,,hove,9,0.2222222222222222,0.3333333333333333,-0.11824325720469157,-0.1111111111111111,-0.006809822049905553,0.6428571428571429
node/13157789287,Bodhi Boutique,50.8330413,-0.1819384,shop,clothes,shopping,,Portland Road,77,,,hove,5,0.4,0.0,0.9073179721832275,0.4,0.29046624913013225,0.5
node/13157789289,Mila's Cafe,50.8330586,-0.1820832,amenity,cafe,cafe,,Portland Road,81,,,hove,3,0.6666666666666666,0.0,0.34460703531901044,0.6666666666666666,0.3630828114126653,0.375
node/13157789292,StephieAnn,50.833084,-0.1823004,shop,gift,shopping,,Portland Road,87,https://stephieanndesign.com/,,hove,7,0.2857142857142857,0.14285714285714285,-0.17271544252123153,0.14285714285714285,0.1587218742751102,0.5833333333333334
node/13157789293,Hearth Cafe & Garden,50.8330919,-0.1823742,amenity,cafe,cafe,,Portland Road,89,,,hove,6,0.16666666666666666,0.3333333333333333,-0.3118215501308441,-0.16666666666666666,-0.00866704624533434,0.5454545454545454
node/13157789302,OP3,50.8331568,-0.1828759,leisure,fitness_centre,outdoor,,Portland Road,103,https://www.outperform-365.com/,,hove,7,0.2857142857142857,0.2857142857142857,0.40392201287405827,0.0,0.07538854094177685,0.5833333333333334
node/13158325671,Hove Deli,50.8329564,-0.1812784,shop,deli,food,,Portland Road,65,,,hove,5,0.2,0.0,0.9833256006240845,0.2,0.19046624913013224,0.5
node/13158360262,Tio International,50.8332016,-0.185382,shop,supermarket,shopping,,Portland Road,156-158,,,hove,5,0.6,0.0,0.9452319025993348,0.6,0.3904662491301322,0.5
node/13158360265,Hove Pizza Plaice,50.8332226,-0.1855869,amenity,fast_food,food,pizza,Portland Road,162,https://hovepizza.com/,,hove,5,0.6,0.2,0.28899030685424804,0.39999999999999997,0.2904662491301322,0.5
node/13158360266,Mediterraneo,50.8332324,-0.1856658,amenity,cafe,cafe,,Portland Road,164,,,hove,7,0.2857142857142857,0.2857142857142857,0.17061379977634974,0.0,0.07538854094177685,0.5833333333333334
node/13158376856,Pelicano,50.8335739,-0.1860605,amenity,cafe,cafe,,Portland Road,149,,,hove,6,0.3333333333333333,0.16666666666666666,0.32236652572949726,0.16666666666666666,0.17315113557284748,0.5454545454545454
node/13158376857,Slater's News,50.833562,-0.1859816,shop,convenience,shopping,,Portland Road,147,,,hove,4,0.25,0.25,0.4721592515707016,0.0,0.1005180545890358,0.4444444444444444
node/13158376864,Old Crow,50.833283,-0.1860855,amenity,pub,nightlife,,Portland Road,168,,,hove,6,0.5,0.16666666666666666,0.6579740345478058,0.33333333333333337,0.2640602264819384,0.5454545454545454
node/13158376867,Bluebird Society for the Disabled,50.8333452,-0.1864047,shop,charity,shopping,,Portland Road,176,,,hove,5,0.6,0.2,0.5953358769416809,0.39999999999999997,0.2904662491301322,0.5
node/13158376870,Silver Spoonz,50.8333798,-0.1867236,amenity,cafe,cafe,,Portland Road,184,,,hove,5,0.2,0.4,-0.1486463308334351,-0.2,-0.009533750869867774,0.5
node/13163963837,The Milk Shed,50.8225804,-0.1356915,amenity,cafe,cafe,coffee_shop,Princes Street,9,https://themilkshed.coffee/,,kemptown,7,0.42857142857142855,0.14285714285714285,0.1483111977577209,0.2857142857142857,0.24205520760844354,0.5833333333333334
node/13168815614,Trading Post Coffee Roasters,50.8228744,-0.1417373,amenity,cafe,cafe,coffee_shop,Ship Street,36,https://www.tradingpostcoffee.co.uk/pages/trading-post-coffee-roasters-brighton-ship-street,"Mo-Su 07:30-19:00 open ""shop""; Mo-Fr 07:30-15:30 open ""kitchen""; Sa-Su 07:30-16:00 open ""kitchen""",the_lanes,6,0.5,0.16666666666666666,0.3241780896981557,0.33333333333333337,0.2640602264819384,0.5454545454545454
node/13171229093,Nord,50.8261779,-0.1610836,amenity,cafe,cafe,,Western Road,83,,,hove,3,0.3333333333333333,0.3333333333333333,0.3281130194664001,0.0,0.11308281141266528,0.375
node/13171238483,Salvage,50.8261531,-0.1610137,amenity,cafe,cafe,,Western Road,84,,,hove,7,0.5714285714285714,0.0,0.7188713380268642,0.5714285714285714,0.4087218742751102,0.5833333333333334
node/13171251057,Muse,50.8257234,-0.1599935,shop,clothes,shopping,,Western Road,41,,,hove,7,0.42857142857142855,0.2857142857142857,0.14063304662704468,0.14285714285714285,0.1587218742751102,0.5833333333333334
node/13171251058,Market,50.8257281,-0.1600628,amenity,restaurant,food,spanish,Western Road,42,,,hove,7,0.8571428571428571,0.0,0.9989114659173148,0.8571428571428571,0.5753885409417768,0.5833333333333334
node/13300965501,Happy Maki,50.8247301,-0.1395179,amenity,restaurant,food,japanese,Gardner Street,49,https://www.happymaki.co.uk/,Mo-Su 12:00-20:00,north_laine,5,0.2,0.0,0.12748917341232302,0.2,0.19046624913013224,0.5
node/13446304884,Leonardo Royal Hotel,50.8200994,-0.1407656,tourism,hotel,accommodation,,,,,,the_lanes,5,0.2,0.4,-0.589402973651886,-0.2,-0.009533750869867774,0.5
node/13541192143,Velvet,50.8274198,-0.1695641,shop,clothes,shopping,,Church Road,66-68,,,hove,7,0.42857142857142855,0.2857142857142857,0.39276961769376484,0.14285714285714285,0.1587218742751102,0.5833333333333334
node/13541192162,Ganges Brasserie,50.8276779,-0.1692338,amenity,restaurant,food,,Church Road,93,,,hove,3,0.0,0.3333333333333333,-0.406917671362559,-0.3333333333333333,-0.011917188587334718,0.375
node/13541192163,Istanbul Grill House,50.8276703,-0.1691431,amenity,restaurant,food,kebab;burger;pizza;chicken,Church Road,91,,,hove,5,0.2,0.8,-0.5994894504547119,-0.6000000000000001,-0.2095337508698678,0.5
node/13541192165,Fourth And Church,50.8275644,-0.1706526,amenity,restaurant,food,,Church Road,84,,,hove,10,0.5,0.1,0.019575053453445446,0.4,0.32697749942008814,0.6666666666666666
node/13541192169,Mood,50.8275432,-0.1704934,shop,clothes,shopping,,Church Road,80,,,hove,8,0.5,0.375,0.2475005611777305,0.125,0.14651249933087096,0.6153846153846154
node/13592144796,The Chilli Pickle,50.822319,-0.1407621,amenity,restaurant,food,indian,Meeting House Lane,6 - 8,https://thechillipickle.com,,the_lanes,4,0.5,0.25,0.4984350949525833,0.25,0.21162916570014692,0.4444444444444444
node/13592285143,The Modfather Clothing Company,50.8241337,-0.139415,shop,clothes,shopping,,Church Street,2A,https://modfatherclothing.com/,Mo-Su 10:00-17:00,north_laine,6,0.3333333333333333,0.3333333333333333,-0.32572560509045917,0.0,0.08224204466375656,0.5454545454545454
node/13608460198,Lucy & Yak,50.8257356,-0.1391729,shop,clothes,shopping,,North Road,79-80,https://lucyandyak.com/pages/brighton-north-road-store,,north_laine,5,0.4,0.0,0.9623077273368835,0.4,0.29046624913013225,0.5
node/13638555051,Small Batch Coffee Roasters,50.8339072,-0.1715999,amenity,cafe,cafe,coffee_shop,Goldstone Villas,68-70,,,hove,6,0.16666666666666666,0.3333333333333333,0.32851154605547583,-0.16666666666666666,-0.00866704624533434,0.5454545454545454
node/13638555070,Billie's,50.834594,-0.1713141,amenity,cafe,cafe,breakfast,Goldstone Villas,98,https://billies-cafe.menu-world.com/,,hove,4,0.75,0.0,0.5695765167474747,0.75,0.43385138792236916,0.4444444444444444
node/13638555073,One City,50.8343396,-0.1714218,leisure,fitness_centre,outdoor,,Goldstone Villas,86,,,hove,5,0.8,0.0,0.9832366347312927,0.8,0.49046624913013226,0.5
node/13638555074,Watchmaker's Arms,50.8342877,-0.1714489,amenity,pub,nightlife,,Goldstone Villas,84,,,hove,7,0.2857142857142857,0.0,0.4158392293112619,0.2857142857142857,0.24205520760844354,0.5833333333333334
node/13638555077,Goldstone Organic Food And Wine,50.833625,-0.1716905,shop,convenience,shopping,,Goldstone Villas,,,,hove,8,0.375,0.25,0.011279843747615786,0.125,0.14651249933087096,0.6153846153846154
node/13638555081,Tongue and Groove,50.8344921,-0.1713597,amenity,bar,nightlife,,Goldstone Villas,92,,Wed-Sun,hove,5,0.2,0.0,0.5951043009757996,0.2,0.19046624913013224,0.5
node/13640836058,Seagulls Fish & Chips,50.8351583,-0.1769744,amenity,fast_food,food,,Sackville Road,147,,,hove,7,0.42857142857142855,0.0,0.4590844426836286,0.42857142857142855,0.3253885409417769,0.5833333333333334
node/13640836059,P J Convenience Store,50.8353397,-0.1769975,shop,convenience,shopping,,Sackville Road,155,,,hove,3,0.3333333333333333,0.3333333333333333,-0.3284110228220623,0.0,0.11308281141266528,0.375
node/13665133884,Pizza GoGo,50.8334921,-0.1770252,amenity,fast_food,food,pizza,Sackville Road,101,,,hove,8,0.25,0.125,0.20417878031730652,0.125,0.14651249933087096,0.6153846153846154
node/13675040079,Cafe Ninety7,50.8312637,-0.1735751,amenity,cafe,cafe,,,,,,hove,6,0.5,0.0,0.39670417706171673,0.5,0.3549693173910293,0.5454545454545454
node/13676286787,Sea Horse,50.8316025,-0.1768532,amenity,fast_food,food,fish_and_chips,Blatchington Road,12,,,hove,6,0.5,0.16666666666666666,0.35138290127118427,0.33333333333333337,0.2640602264819384,0.5454545454545454
node/13676286793,Department Flea Market,50.8314843,-0.1761927,amenity,marketplace,shopping,,Blatchington Road,24-26,,,hove,6,0.5,0.5,-0.0008802513281503943,0.0,0.08224204466375656,0.5454545454545454
node/13678320117,Aldi,50.8385629,-0.1802338,shop,supermarket,shopping,,Old Shoreham Road,182,https://www.aldi.co.uk/store-finder/l/hove/182-old-shoreham-road/k214,,hove,5,0.4,0.0,0.9586612820625305,0.4,0.29046624913013225,0.5
node/13684289329,Black Rock Beachcombers: Engineering,50.8159919,-0.1187048,tourism,artwork,culture,,,,,,kemptown,3,0.3333333333333333,0.0,0.7640964786211649,0.3333333333333333,0.2380828114126653,0.375
node/13684486554,Wimpy,50.8228781,-0.1440856,amenity,fast_food,food,burger,West Street,34,,,the_lanes,3,0.6666666666666666,0.3333333333333333,0.3333253463109334,0.3333333333333333,0.2380828114126653,0.375
node/13684523487,Tato & Topping,50.8233227,-0.1441837,amenity,fast_food,food,potato;turkish,,,,,the_lanes,5,0.6,0.2,0.5952790737152099,0.39999999999999997,0.2904662491301322,0.5
node/13684565739,Chilli,50.8210724,-0.1408837,amenity,restaurant,food,thai,Prince Albert Street,6,,,the_lanes,6,0.6666666666666666,0.0,0.6141370932261149,0.6666666666666666,0.4458784083001202,0.5454545454545454
node/13685190070,Tasty Tracks,50.8205153,-0.139419,amenity,fast_food,food,kebab,East Street,15,,,the_lanes,6,0.0,0.16666666666666666,0.2932036022345225,-0.16666666666666666,-0.00866704624533434,0.5454545454545454
node/13685477927,Sabrina's LA Boutique,50.8215641,-0.1396155,shop,clothes,shopping,,Market Street,8,,,the_lanes,5,0.6,0.0,0.5984893321990967,0.6,0.3904662491301322,0.5
node/13688302852,Jungle Berry,50.8216439,-0.1414693,amenity,fast_food,food,juice,Prince Albert Street,13b,,,the_lanes,7,0.0,0.42857142857142855,-0.4060002054486956,-0.42857142857142855,-0.17461145905822315,0.5833333333333334
node/13689282562,Cult Hero,50.8218335,-0.1396125,shop,music,shopping,,Brighton Place,16,,,the_lanes,3,0.3333333333333333,0.6666666666666666,-0.33316512902577716,-0.3333333333333333,-0.011917188587334718,0.375
node/13689282563,Lucky's Vintage Clothing,50.8218207,-0.1395665,shop,clothes,shopping,,Brighton Place,18,,,the_lanes,8,0.625,0.125,0.5112758427858353,0.5,0.37728173010010174,0.6153846153846154
node/13689282565,Detour Vintage,50.8218116,-0.1395314,shop,second_hand,shopping,,Brighton Place,19,,,the_lanes,3,0.0,0.0,-0.9688061277071635,0.0,0.11308281141266528,0.375
node/13689683201,Betty & The Brands,50.8221652,-0.1399848,shop,clothes,shopping,,Hanningtons Lane,6,,,the_lanes,4,0.75,0.25,0.4982061982154846,0.5,0.32274027681125805,0.4444444444444444
node/13689683202,Brass Monkey,50.8221279,-0.1399211,amenity,ice_cream,cafe,,Hanningtons Lane,8,,,the_lanes,11,0.2727272727272727,0.36363636363636365,0.04478204250335693,-0.09090909090909094,-0.005958594293667387,0.6875
node/13689683209,Fair,50.8223396,-0.1401557,shop,clothes,shopping,,Hanningtons Lane,5,https://thefairshop.co.uk/,,the_lanes,4,0.0,0.5,-0.4953169524669647,-0.5,-0.12170416763318641,0.4444444444444444
node/13689784600,Dinner,50.8224742,-0.1406352,shop,gift,shopping,,Meeting House Lane,12,https://dowsedesign.co.uk/collections/dinner,,the_lanes,5,0.2,0.2,-0.4146214842796326,0.0,0.09046624913013222,0.5
node/13738164064,Levi's,50.8231361,-0.1447774,shop,clothes,shopping,,,,,,the_lanes,5,0.0,0.4,-0.5956499576568604,-0.4,-0.10953375086986776,0.5
node/13738164067,Bershka,50.8226919,-0.1450654,shop,clothes,shopping,,,,,,the_lanes,4,0.25,0.25,0.4852110594511032,0.0,0.1005180545890358,0.4444444444444444
node/13738164070,Costa,50.8222979,-0.146213,amenity,cafe,cafe,coffee_shop,,,,,the_lanes,4,0.5,0.0,0.4916204959154129,0.5,0.32274027681125805,0.4444444444444444
node/13738435324,Menkind,50.8221594,-0.1457175,shop,gift,shopping,,,,https://stores.menkind.co.uk/l/brighton/55-churchill-square/4496410,,the_lanes,5,0.8,0.0,0.6329398632049561,0.8,0.49046624913013226,0.5
node/13738435332,HMV,50.8229129,-0.1454502,shop,music,shopping,,,,https://hmv.com/store-finder/hmv-brighton,,the_lanes,5,0.6,0.2,0.5649442195892334,0.39999999999999997,0.2904662491301322,0.5
node/13738435333,Clintons,50.8224266,-0.1463502,shop,gift,shopping,,,,,,the_lanes,5,0.4,0.6,-0.19957790374755863,-0.19999999999999996,-0.009533750869867751,0.5
node/13738523651,Millie's Cookies,50.8234746,-0.1463215,shop,bakery,cafe,,,,,,the_lanes,5,0.6,0.0,0.5027157902717589,0.6,0.3904662491301322,0.5
node/13738523652,Auntie Anne's,50.8233942,-0.1463557,amenity,fast_food,food,pretzel,,,,,the_lanes,3,0.0,0.0,0.17464647690455123,0.0,0.11308281141266528,0.375
node/13784832600,Baba Land,50.8326584,-0.1810977,shop,convenience,shopping,,Portland Road,68,,,hove,4,0.5,0.5,-0.00024372339248657227,0.0,0.1005180545890358,0.4444444444444444
node/13784872007,Malo,50.8329668,-0.1834432,amenity,fast_food,food,argentinian;empanada,Portland Road,120,,,hove,4,0.25,0.25,-0.44441667199134827,0.0,0.1005180545890358,0.4444444444444444
node/13798197958,Eternal of Hove,50.8331005,-0.1844317,shop,clothes,shopping,,Portland Road,138,,,hove,8,0.75,0.0,0.9871584698557854,0.75,0.5311278839462555,0.6153846153846154
node/13831577439,Fit Box,50.828294,-0.1765745,leisure,fitness_centre,outdoor,,Church Road,176B,,,hove,7,0.5714285714285714,0.2857142857142857,0.42241393668310984,0.2857142857142857,0.24205520760844354,0.5833333333333334
node/13831718940,"Sunshine Books, Art & Coffee",50.8271264,-0.1794854,amenity,cafe,cafe,,,4,,,hove,5,0.6,0.4,0.19991720914840697,0.19999999999999996,0.1904662491301322,0.5
node/13831718941,M & B News & Convenience,50.8270822,-0.1795133,shop,convenience,shopping,,,3,,Mo-Su 06:00-23:00,hove,5,0.8,0.2,0.6000574350357055,0.6000000000000001,0.3904662491301323,0.5
node/13831971633,Pizza Hut,50.8340293,-0.1921859,amenity,restaurant,food,pizza,Portland Road,,,,hove,6,0.3333333333333333,0.16666666666666666,0.022765884796778397,0.16666666666666666,0.17315113557284748,0.5454545454545454
node/13831971634,Wings,50.8340117,-0.192022,amenity,fast_food,food,chinese;fish_and_chips,Portland Road,278,,,hove,7,0.2857142857142857,0.14285714285714285,0.45827324049813406,0.14285714285714285,0.1587218742751102,0.5833333333333334
node/13831971639,Sky High Fish Bar,50.8337794,-0.1900634,amenity,fast_food,food,fish_and_chips,Portland Road,246,,,hove,3,0.6666666666666666,0.0,0.33591075738271076,0.6666666666666666,0.3630828114126653,0.375
node/13831971640,Rustico Neapolitan,50.8337644,-0.1899499,amenity,restaurant,food,italian,,,,,hove,5,0.0,0.4,0.19563355445861816,-0.4,-0.10953375086986776,0.5
node/13831971642,Portland Convenience Store,50.8337369,-0.1897309,shop,convenience,shopping,,Portland Road,240,,,hove,5,0.2,0.4,0.15980207920074468,-0.2,-0.009533750869867774,0.5
node/13831971643,Intenso Espresso Bar,50.833712,-0.189514,amenity,cafe,cafe,,Portland Road,236,,,hove,3,0.6666666666666666,0.0,0.990099291006724,0.6666666666666666,0.3630828114126653,0.375
node/13831971647,Samee's Fish Bazaar and Cash & Carry,50.8336351,-0.1888144,shop,supermarket,shopping,,Portland Road,228,,,hove,5,0.4,0.4,0.18856545686721804,0.0,0.09046624913013222,0.5
node/13831971653,Daily Basket,50.8334883,-0.1876184,shop,convenience,shopping,,Portland Road,200,,,hove,5,0.4,0.2,0.18264470100402835,0.2,0.19046624913013224,0.5
node/13831971654,Scotties Cafe,50.8334685,-0.1874396,amenity,cafe,cafe,,Portland Road,194-196,,,hove,9,0.6666666666666666,0.1111111111111111,0.7751626438564725,0.5555555555555556,0.421761606521523,0.6428571428571429
node/13861345441,Londis,50.8270463,-0.1662948,shop,convenience,shopping,,Church Road,14,,,hove,5,0.2,0.2,0.5930615305900574,0.0,0.09046624913013222,0.5
node/13894727746,Hove Tandoori,50.8286519,-0.1770613,amenity,restaurant,food,indian,Church Road,175,,,hove,5,0.4,0.4,0.19810568094253536,0.0,0.09046624913013222,0.5
node/13894727748,Moonlight,50.8286232,-0.1769068,shop,convenience,shopping,,Church Road,171,,,hove,3,0.3333333333333333,0.3333333333333333,-0.33036802212397265,0.0,0.11308281141266528,0.375
way/3451897,Brighton Pier,50.8168116,-0.1370422,tourism,attraction,culture,,,,,,seafront,35,0.4857142857142857,0.14285714285714285,0.3493006706237793,0.34285714285714286,0.32261656228253305,0.875
way/3991712,Pelham Square,50.8278095,-0.1367222,leisure,park,outdoor,,,,,,north_laine,6,0.3333333333333333,0.5,-0.004558781782786052,-0.16666666666666669,-0.00866704624533434,0.5454545454545454
way/4163974,Palmeira Square,50.8266325,-0.163208,leisure,park,outdoor,,,,,,hove,5,0.0,0.4,0.18527556657791136,-0.4,-0.10953375086986776,0.5
way/4164779,Palmeira Square,50.8258063,-0.163602,leisure,park,outdoor,,,,,,hove,4,0.5,0.25,0.49811801314353943,0.25,0.21162916570014692,0.4444444444444444
way/4240550,Davis Park,50.8330907,-0.1919346,leisure,park,outdoor,,,,,,hove,6,0.5,0.0,0.661345104376475,0.5,0.3549693173910293,0.5454545454545454
way/4241522,Museum Gardens,50.8297132,-0.1811374,leisure,park,outdoor,,,,,,hove,8,0.5,0.125,0.007552236318588271,0.375,0.3003586531770248,0.6153846153846154
way/4241553,Stoneham Park,50.8344048,-0.1857203,leisure,park,outdoor,,,,,,hove,5,0.2,0.2,0.5758265972137451,0.0,0.09046624913013222,0.5
way/4382383,Dorset Gardens,50.8219306,-0.1338185,leisure,park,outdoor,,,,,,kemptown,8,0.625,0.125,0.4539037421345711,0.5,0.37728173010010174,0.6153846153846154
way/61636523,David Lloyd Gym,50.8122335,-0.1070254,leisure,sports_centre,outdoor,,,,,,seafront,33,0.3333333333333333,0.3333333333333333,0.08013054276957657,0.0,0.02380690766582427,0.868421052631579
way/96631937,Kash's Beach Café,50.8192685,-0.1367557,amenity,cafe,cafe,,Madeira Drive,,,,the_lanes,3,0.0,0.6666666666666666,-0.3655133843421936,-0.6666666666666666,-0.1369171885873347,0.375
way/96653264,The Seahorse,50.8216162,-0.1525415,amenity,restaurant,food,,King's Road,26 - 28,https://seahorsebrighton.co.uk/,,seafront,34,0.47058823529411764,0.20588235294117646,0.1781365520813886,0.2647058823529412,0.25396570490516207,0.8717948717948718
way/104517229,Prince Regent Swimming Complex,50.8244751,-0.1378026,leisure,fitness_centre,outdoor,,Church Street,,https://www.freedom-leisure.co.uk/centres/prince-regent-swimming-complex/,,north_laine,8,0.25,0.375,-0.24139203876256943,-0.125,-0.007333654515282903,0.6153846153846154
way/104520964,Brighton Dome Studio Theatre,50.8236062,-0.1391253,amenity,theatre,culture,,New Road,,,,the_lanes,5,0.2,0.6,-0.21006860733032223,-0.39999999999999997,-0.10953375086986776,0.5
way/105454994,Theatre Royal,50.8234232,-0.1398564,amenity,theatre,culture,,New Road,11,,,the_lanes,6,0.5,0.16666666666666666,0.010629981756210364,0.33333333333333337,0.2640602264819384,0.5454545454545454
way/111835527,The Ginger Pig,50.8261257,-0.1801261,amenity,restaurant,food,,Hove Street,3,http://thegingerpigpub.com/,,seafront,33,0.30303030303030304,0.30303030303030304,-0.07434598966078325,0.0,0.02380690766582427,0.868421052631579
way/111841758,Yellowave,50.8168503,-0.1225858,leisure,sports_centre,outdoor,,Madeira Drive,299,https://www.yellowave.co.uk/,,kemptown,7,0.42857142857142855,0.2857142857142857,0.422885068825313,0.14285714285714285,0.1587218742751102,0.5833333333333334
way/119246463,The Westbourne,50.8326803,-0.1819403,amenity,pub,nightlife,,Portland Road,90,,,hove,8,0.625,0.25,0.4967661127448082,0.375,0.3003586531770248,0.6153846153846154
way/119246466,The Stoneham,50.8336736,-0.1862904,amenity,pub,nightlife,,Portland Road,153,,,hove,3,0.0,0.6666666666666666,-0.3397135337193807,-0.6666666666666666,-0.1369171885873347,0.375
way/137389398,The Mucky Duck,50.8207608,-0.1356827,amenity,pub,nightlife,thai,Manchester Street,7-9,https://www.themuckyduck.org/,,kemptown,8,0.375,0.375,0.004981093108654008,0.0,0.06958942240779402,0.6153846153846154
way/137389399,Bar Revenge,50.8201023,-0.1358868,amenity,bar,nightlife,,Marine Parade,7,https://www.revenge.co.uk/,,the_lanes,7,0.2857142857142857,0.2857142857142857,-0.39786759444645475,0.0,0.07538854094177685,0.5833333333333334
way/137389409,Club Revenge,50.8201611,-0.1364042,amenity,nightclub,nightlife,,Old Steine,32-34,https://www.revenge.co.uk/,,the_lanes,4,0.0,0.25,-0.9894223809242249,-0.25,-0.010593056522075305,0.4444444444444444
way/137389434,Sainsbury's Local,50.8212601,-0.1362836,shop,convenience,shopping,,Old Steine,13-15,https://stores.sainsburys.co.uk/4683/brighton-old-steine-local,,the_lanes,8,0.375,0.5,-0.22859229892492294,-0.125,-0.007333654515282903,0.6153846153846154
way/137389443,The Atlantic Seafront,50.8200037,-0.1345086,tourism,hotel,accommodation,,Marine Parade,16,,,kemptown,5,0.6,0.4,0.20022649765014658,0.19999999999999996,0.1904662491301322,0.5
way/137393594,William the Fourth,50.8241846,-0.1397564,amenity,pub,nightlife,,Church Street,4,https://williamthefourth.pub/,"Mo-Th,Su 11:00-24:00; Fr-Sa 11:00-01:00",north_laine,5,0.6,0.0,0.9649942636489868,0.6,0.3904662491301322,0.5
way/137396837,Waterstones,50.8234702,-0.1438373,shop,books,shopping,,North Street,71-74,https://www.waterstones.com/bookshops/brighton-clock-tower,Mo-Sa 09:00-18:00; Su 11:00-17:00,the_lanes,9,0.2222222222222222,0.5555555555555556,-0.15702019135157272,-0.33333333333333337,-0.14966696490704842,0.6428571428571429
way/137403291,Junk,50.825663,-0.1375356,shop,second_hand,shopping,,Vine Street,42,,"Mo-Th,Sa 10:30-17:00; Fr 10:30-16:00; Su 11:00-16:00",north_laine,8,0.25,0.125,0.2597123980522156,0.125,0.14651249933087096,0.6153846153846154
way/137403347,Brighton Dome ticket office,50.823737,-0.13916,amenity,theatre,culture,,New Road,29,,,the_lanes,5,0.4,0.0,0.6021791458129883,0.4,0.29046624913013225,0.5
way/137403356,The Fountain Head,50.8255026,-0.1373164,amenity,pub,nightlife,,North Road,102,,Mo-Th 12:00-24:00; Fr 12:00-01:00; Sa 11:00-01:00; Su 12:00-11:00,north_laine,4,0.25,0.5,-0.002198413014411954,-0.25,-0.010593056522075305,0.4444444444444444
way/137403361,Mash Tun,50.8239673,-0.1390341,amenity,pub,nightlife,,Church Street,1,,,north_laine,5,1.0,0.0,0.9994462847709655,1.0,0.5904662491301322,0.5
way/137407357,Komedia,50.8249021,-0.1393366,amenity,theatre,culture,,Gardner Street,44-47,https://www.komedia.co.uk/brighton/,,north_laine,3,0.3333333333333333,0.3333333333333333,0.319273034731547,0.0,0.11308281141266528,0.375
way/137419417,New Madeira Hotel,50.8199288,-0.1337878,tourism,hotel,accommodation,,Marine Parade,19-23,https://www.newmadeirahotel.com/,,kemptown,8,0.375,0.0,0.5031577050685883,0.375,0.3003586531770248,0.6153846153846154
way/137419446,Kempfield House,50.8205262,-0.1338604,tourism,guest_house,accommodation,,Madeira Place,18,http://www.kempfieldhouse.co.uk/,,kemptown,9,0.4444444444444444,0.3333333333333333,0.08946028020646836,0.1111111111111111,0.1360473208072373,0.6428571428571429
way/137419484,St James Tavern,50.8206749,-0.1339282,amenity,pub,nightlife,,Madeira Place,16,,,kemptown,8,0.5,0.125,0.01809140294790268,0.375,0.3003586531770248,0.6153846153846154
way/137427144,Morrisons,50.8211122,-0.1354204,shop,supermarket,shopping,,St. James's Street,5-8,https://my.morrisons.com/storefinder/480/brighton,Mo-Sa 07:00-22:00; Su 11:00-17:00,kemptown,7,0.42857142857142855,0.14285714285714285,0.37452039548328947,0.2857142857142857,0.24205520760844354,0.5833333333333334
way/137682023,Gulliver's Hotel,50.8202677,-0.1320054,tourism,hotel,accommodation,,New Steine,13,https://www.gullivershotel.com/,,kemptown,5,0.6,0.0,0.21836553812026976,0.6,0.3904662491301322,0.5
way/137682024,Hamptons Brighton,50.8197368,-0.1321604,tourism,hotel,accommodation,,New Steine,3,https://www.hamptonsbrighton.com/,,kemptown,5,0.6,0.4,0.19975168704986573,0.19999999999999996,0.1904662491301322,0.5
way/137682025,Holland House,50.8203684,-0.1319753,tourism,guest_house,accommodation,,New Steine,15,,,kemptown,6,0.16666666666666666,0.5,-0.3001536230246226,-0.33333333333333337,-0.09957613715442525,0.5454545454545454
way/137682036,New Steine,50.8201046,-0.1320517,tourism,hotel,accommodation,,New Steine,10-11,https://www.newsteinehotel.com/,,kemptown,8,0.25,0.25,0.2387868836522103,0.0,0.06958942240779402,0.6153846153846154
way/137682037,Strawberry Fields,50.8199179,-0.1321067,tourism,hotel,accommodation,,New Steine,6-7,https://www.strawberry-fields-hotel.com/,,kemptown,7,0.42857142857142855,0.2857142857142857,0.41717926945005146,0.14285714285714285,0.1587218742751102,0.5833333333333334
way/137682038,Palladino's,50.8204247,-0.1319647,amenity,cafe,cafe,,St. James's Street,81-82,,,kemptown,8,0.5,0.5,0.0002842098474502702,0.0,0.06958942240779402,0.6153846153846154
way/137682041,Vincent Lodge,50.8200505,-0.1320673,tourism,guest_house,accommodation,,New Steine,9,,,kemptown,5,0.4,0.4,0.1967227578163147,0.0,0.09046624913013222,0.5
way/137682042,five,50.8198144,-0.1321374,tourism,hotel,accommodation,,New Steine,5,https://www.fivehotel.com/,,kemptown,5,0.4,0.0,0.2859717726707459,0.4,0.29046624913013225,0.5
way/137682047,Family Store,50.8258444,-0.1396017,shop,music,shopping,,North Road,74,,,north_laine,5,0.6,0.2,0.5734289526939392,0.39999999999999997,0.2904662491301322,0.5
way/137685560,Co-op Food,50.8207194,-0.1322118,shop,supermarket,shopping,,St. James's Street,41-45,https://www.coop.co.uk/store-finder/BN2-1RG/41-45-st-james-street,"PH,Mo-Su 07:00-23:00",kemptown,3,0.0,0.0,-0.9861352841059366,0.0,0.11308281141266528,0.375
way/137685575,Pavel,50.8206989,-0.1324274,amenity,restaurant,food,indian,St. James's Street,40,,Mo-Su 15:00-24:00,kemptown,7,0.5714285714285714,0.14285714285714285,0.4268359286444527,0.42857142857142855,0.3253885409417769,0.5833333333333334
way/137685577,Traditional Turkish Market,50.8207262,-0.1326678,shop,convenience,shopping,,St. James's Street,38B,,,kemptown,4,0.25,0.25,-0.0012150853872298917,0.0,0.1005180545890358,0.4444444444444444
way/137685578,Gusta,50.8207141,-0.1326008,amenity,cafe,cafe,,St. James's Street,38,,,kemptown,5,0.6,0.2,0.2059508085250855,0.39999999999999997,0.2904662491301322,0.5
way/137725380,Camelford Arms,50.8201153,-0.132818,amenity,pub,nightlife,,Camelford Street,30-31,http://www.camelfordarmsbrighton.co.uk/,,kemptown,4,0.5,0.25,0.43942931294441223,0.25,0.21162916570014692,0.4444444444444444
way/137725387,June Cafe,50.8205417,-0.1326483,amenity,cafe,cafe,,St. James's Street,89,,,kemptown,9,0.4444444444444444,0.3333333333333333,-0.0811166697078281,0.1111111111111111,0.1360473208072373,0.6428571428571429
way/137725426,Tiki Hut,50.8208465,-0.1328372,amenity,bar,nightlife,,High Street,2-3,,,kemptown,7,0.2857142857142857,0.2857142857142857,0.4148551225662231,0.0,0.07538854094177685,0.5833333333333334
way/137733604,Mon Cafe Bistro,50.8206261,-0.1335382,amenity,restaurant,food,french,St. James's Street,100,https://www.moncafe-bistro.co.uk/,Mo-Su 08:00-18:00,kemptown,7,0.42857142857142855,0.14285714285714285,0.3941208464758737,0.2857142857142857,0.24205520760844354,0.5833333333333334
way/137733608,Polskie Smaki,50.8206098,-0.1332385,shop,convenience,shopping,,St. James's Street,96,,Mo-Sa 10:00-20:00; Su 11:00-18:00,kemptown,5,0.2,0.2,0.1969714164733887,0.0,0.09046624913013222,0.5
way/137733612,Green City,50.8206007,-0.1331635,shop,convenience,shopping,,St. James's Street,95,,,kemptown,6,0.3333333333333333,0.0,-0.31313722332318633,0.3333333333333333,0.2640602264819384,0.5454545454545454
way/137733613,Block,50.8206555,-0.1336074,amenity,restaurant,food,,St. James's Street,101,,,kemptown,4,0.75,0.25,0.4995609521865845,0.5,0.32274027681125805,0.4444444444444444
way/137741316,Aquarium Guest House,50.8205663,-0.1342781,tourism,guest_house,accommodation,,Madeira Place,13,https://www.aquarium-guesthouse.co.uk/,,kemptown,7,0.5714285714285714,0.2857142857142857,0.42346079008919857,0.2857142857142857,0.24205520760844354,0.5833333333333334
way/137741322,Funchal Guest House,50.8205847,-0.1339337,tourism,guest_house,accommodation,,Madeira Place,17,,,kemptown,3,0.0,0.3333333333333333,-0.33209955692291265,-0.3333333333333333,-0.011917188587334718,0.375
way/137741359,Clydee's Brunch and Burger Bar,50.8207797,-0.1344486,amenity,restaurant,food,,St. James's Street,110,,,kemptown,3,0.3333333333333333,0.3333333333333333,-0.3272269169489543,0.0,0.11308281141266528,0.375
way/137741362,Starbucks,50.8209191,-0.1338202,amenity,cafe,cafe,coffee_shop,St. James's Street,25-26,https://www.starbucks.com/store-locator/store/1021718/brighton-st-james-street-25-25-26-st-james-street-brighton-eng-bn-2-1-rf-gb,Mo-Sa 06:30-18:00; Su 08:30-17:30,kemptown,11,0.36363636363636365,0.2727272727272727,0.27045566927302966,0.09090909090909094,0.11904140570633268,0.6875
way/137741365,The Bulldog,50.820839,-0.1334133,amenity,pub,nightlife,,St. James's Street,31,,,kemptown,6,0.6666666666666666,0.0,0.38053669532140094,0.6666666666666666,0.4458784083001202,0.5454545454545454
way/137741371,The Zone,50.8207995,-0.133235,amenity,bar,nightlife,,St. James's Street,33,http://www.zonebrighton.co.uk/,,kemptown,6,0.5,0.0,0.6127452751000723,0.5,0.3549693173910293,0.5454545454545454
way/137826115,Mellat,50.8210216,-0.1345185,shop,supermarket,shopping,,St. James's Street,17-19,,,kemptown,6,0.5,0.16666666666666666,0.33306467533111567,0.33333333333333337,0.2640602264819384,0.5454545454545454
way/137826122,Morley's,50.8209599,-0.1342399,amenity,fast_food,food,chicken,St. James's Street,22,,,kemptown,5,0.6,0.0,0.2061767220497131,0.6,0.3904662491301322,0.5
way/137826124,Family Shopper,50.8209933,-0.1343904,shop,convenience,shopping,,St. James's Street,20,,Mo-Sa 06:00-23:00; Su 06:00-22:00,kemptown,7,0.5714285714285714,0.14285714285714285,0.702244690486363,0.42857142857142855,0.3253885409417769,0.5833333333333334
way/137827119,One Broad Street,50.8202001,-0.1349075,tourism,guest_house,accommodation,,Broad Street,1,http://www.onebroadstreet.com/,,kemptown,7,0.7142857142857143,0.2857142857142857,0.42823433024542673,0.4285714285714286,0.3253885409417769,0.5833333333333334
way/137830241,Guest and the City,50.8202406,-0.134875,tourism,guest_house,accommodation,,Broad Street,2,https://www.guestandthecity.co.uk/,,kemptown,4,0.25,0.25,0.03418721258640284,0.0,0.1005180545890358,0.4444444444444444
way/137830255,The Marine Tavern,50.82074,-0.1347719,amenity,pub,nightlife,,Broad Street,13,,,kemptown,6,0.5,0.0,0.31580886244773865,0.5,0.3549693173910293,0.5454545454545454
way/137854904,Greens and Grains,50.8206716,-0.1337561,amenity,restaurant,food,,St. James's Street,103,,,kemptown,9,0.8888888888888888,0.1111111111111111,0.7773920032713149,0.7777777777777777,0.5646187493786659,0.6428571428571429
way/138002199,Harbour Hotel,50.8207232,-0.1444669,tourism,hotel,accommodation,,King's Road,64,https://www.harbourhotels.co.uk/brighton,,the_lanes,4,0.25,0.0,0.6112744063138962,0.25,0.21162916570014692,0.4444444444444444
way/138005871,The Plotting Parlour,50.8202407,-0.1359148,amenity,bar,nightlife,,Steine Street,6,http://www.aquariumtheatrebar.co.uk/,,the_lanes,8,0.25,0.625,-0.2518061324954033,-0.375,-0.16117980836143675,0.6153846153846154
way/138005872,Three And Ten,50.8207913,-0.1360742,amenity,pub,nightlife,,Steine Street,10,http://www.threeandten.co.uk/,,the_lanes,3,0.3333333333333333,0.0,0.33482442299524945,0.3333333333333333,0.2380828114126653,0.375
way/138143341,Revamp Fancy Dress,50.827455,-0.137961,shop,clothes,shopping,,Sydney Street,11,http://www.revampfancydress.co.uk/,,north_laine,4,0.5,0.5,-0.0004366636276245395,0.0,0.1005180545890358,0.4444444444444444
way/138143342,Si Signore,50.8274981,-0.1379407,amenity,cafe,cafe,italian,Sydney Street,12,,,north_laine,3,0.6666666666666666,0.0,0.3350672523180644,0.6666666666666666,0.3630828114126653,0.375
way/138143344,Books for Amnesty,50.8276233,-0.1378885,shop,books,shopping,,Sydney Street,15,https://www.amnesty.org.uk/second-hand-bookshop-brighton,Mo-Sa 11:00-17:30; Su 12:00-16:00,north_laine,7,0.2857142857142857,0.0,0.4196229577064514,0.2857142857142857,0.24205520760844354,0.5833333333333334
way/138143345,Sixteen,50.8276645,-0.1378706,amenity,cafe,cafe,sandwich;salad;breakfast,Sydney Street,16,,,north_laine,6,0.5,0.3333333333333333,0.00577286879221602,0.16666666666666669,0.17315113557284748,0.5454545454545454
way/138143346,Sugar Hill,50.8277056,-0.1378526,shop,clothes,shopping,,Sydney Street,17,,,north_laine,5,0.4,0.2,-0.1772513628005982,0.2,0.19046624913013224,0.5
way/138143352,Goose,50.8278291,-0.1377987,amenity,cafe,cafe,,Sydney Street,20,,,north_laine,4,0.5,0.25,0.4613432288169861,0.25,0.21162916570014692,0.4444444444444444
way/138143357,Pelicano,50.8277957,-0.1375569,amenity,cafe,cafe,coffee_shop,Sydney Street,28,https://www.pelicanocoffee.com/,,north_laine,8,0.25,0.125,-0.01989961415529251,0.125,0.14651249933087096,0.6153846153846154
way/138143359,Dave's Comics,50.8271269,-0.1381144,shop,books,shopping,,Sydney Street,3,http://www.davescomics.co.uk/,,north_laine,7,0.5714285714285714,0.2857142857142857,0.4266064933368138,0.2857142857142857,0.24205520760844354,0.5833333333333334
way/138143360,Wolf and Gypsy,50.8277149,-0.1375928,shop,clothes,shopping,,Sydney Street,30,,,north_laine,5,0.4,0.4,-0.12222757339477533,0.0,0.09046624913013222,0.5
way/138143362,Posh Totty,50.8276725,-0.1376122,shop,clothes,shopping,,Sydney Street,31,,,north_laine,6,0.5,0.16666666666666666,0.3445246815681458,0.33333333333333337,0.2640602264819384,0.5454545454545454
way/138143365,Immediate,50.8275466,-0.1376697,shop,clothes,shopping,,Sydney Street,34,,,north_laine,7,0.42857142857142855,0.2857142857142857,0.14307668379374913,0.14285714285714285,0.1587218742751102,0.5833333333333334
way/138143368,We Love Falafel,50.8274192,-0.1377262,amenity,cafe,cafe,falafel;middle_eastern,Sydney Street,37,http://welovefalafel.co.uk/,,north_laine,5,0.6,0.0,0.5964382410049438,0.6,0.3904662491301322,0.5
way/138143372,Dave's Comics,50.8272133,-0.1380981,shop,books,shopping,,Sydney Street,5,http://www.davescomics.co.uk/,,north_laine,8,0.5,0.25,0.2520446255803108,0.25,0.2234355762539479,0.6153846153846154
way/138143373,Dirty Harry,50.8272504,-0.1380854,shop,clothes,shopping,,Sydney Street,6,,,north_laine,7,0.5714285714285714,0.14285714285714285,0.4067084789276123,0.42857142857142855,0.3253885409417769,0.5833333333333334
way/138258930,The Victory,50.8226103,-0.1424451,amenity,pub,nightlife,,Duke Street,6,https://www.victory.pub/,,the_lanes,6,0.0,0.6666666666666666,-0.6042834222316742,-0.6666666666666666,-0.2813943189726071,0.5454545454545454
way/138262074,Hotel du Vin,50.8206396,-0.1423794,tourism,hotel,accommodation,,Ship Street,3-6,,,the_lanes,3,0.0,0.3333333333333333,-0.33836779991785687,-0.3333333333333333,-0.011917188587334718,0.375
way/138338952,The Mesmerist,50.8209874,-0.1406325,amenity,pub,nightlife,,Prince Albert Street,1-3,,,the_lanes,4,1.0,0.0,0.9991377890110016,1.0,0.5449624990334803,0.4444444444444444
way/138654707,The Eagle,50.8267726,-0.1369115,amenity,pub,nightlife,,Gloucester Road,125,,,north_laine,4,0.75,0.25,0.499254435300827,0.5,0.32274027681125805,0.4444444444444444
way/139282150,trampoline,50.8191388,-0.1371564,tourism,attraction,culture,,,,,,the_lanes,5,0.4,0.4,-0.19775674343109134,0.0,0.09046624913013222,0.5
way/139322015,Hook a Duck,50.8173168,-0.1366083,tourism,attraction,culture,,,,,,kemptown,4,0.5,0.5,0.0005374401807785589,0.0,0.1005180545890358,0.4444444444444444
way/139322017,Asase,50.8174168,-0.136593,tourism,attraction,culture,,,,,,kemptown,4,0.5,0.0,0.5002947449684143,0.5,0.32274027681125805,0.4444444444444444
way/139322748,Galloping Horses,50.8157287,-0.1372499,tourism,attraction,culture,,,,,,seafront,24,0.5,0.20833333333333334,0.39459776878356934,0.29166666666666663,0.2725745686655628,0.8275862068965517
way/139322749,Cup+Saucers,50.8155864,-0.1372569,tourism,attraction,culture,,,,,,seafront,31,0.3870967741935484,0.2903225806451613,0.05496808213572348,0.09677419354838707,0.10846284698059226,0.8611111111111112
way/139322751,Galaxia,50.815433,-0.1373483,tourism,attraction,culture,,,,,,seafront,22,0.36363636363636365,0.18181818181818182,0.08734487674453044,0.18181818181818182,0.1816541663444934,0.8148148148148148
way/139322752,Helter Skelter,50.8155501,-0.1376066,tourism,attraction,culture,,,,,,seafront,33,0.30303030303030304,0.21212121212121213,0.05870821981719043,0.09090909090909091,0.1027542760868769,0.868421052631579
way/139322753,Horror Hotel,50.8153809,-0.1376258,tourism,attraction,culture,,,,,,seafront,16,0.3125,0.125,-0.01722012832760813,0.1875,0.18593630910958678,0.7619047619047619
way/139324648,Twist,50.8149262,-0.1369011,tourism,attraction,culture,,,,,,seafront,27,0.4444444444444444,0.2222222222222222,0.2562451583367807,0.2222222222222222,0.21577070285316632,0.84375
way/139324649,Wild River,50.8149414,-0.136579,tourism,attraction,culture,,,,,,seafront,26,0.34615384615384615,0.3076923076923077,-0.010559350252151486,0.038461538461538436,0.06144072552584908,0.8387096774193549
way/139324651,Horatio's Bar,50.8153286,-0.1365652,amenity,bar,nightlife,,,,,,seafront,22,0.4090909090909091,0.36363636363636365,0.1514662558382208,0.04545454545454547,0.07054305523338232,0.8148148148148148
way/139327478,Ivor,50.8167222,-0.1366394,tourism,attraction,culture,,,,,,seafront,22,0.5,0.18181818181818182,0.19180251522497696,0.3181818181818182,0.29276527745560454,0.8148148148148148
way/139327480,Skull Island,50.815744,-0.1367667,tourism,attraction,culture,,,,,,seafront,27,0.2962962962962963,0.2222222222222222,0.11098185512754652,0.07407407407407407,0.09077070285316632,0.84375
way/139443711,Bill's,50.825609,-0.1374493,amenity,restaurant,food,british,North Road,100,https://bills-website.co.uk/restaurants/brighton/,,north_laine,12,0.5833333333333334,0.3333333333333333,0.16811693708101907,0.25000000000000006,0.22968602890007783,0.7058823529411765
way/141868617,The Dorset,50.8256096,-0.1393813,amenity,pub,nightlife,,North Road,28,https://www.thedorset.co.uk/,,north_laine,10,0.5,0.2,0.009822863340377807,0.3,0.2603108327534215,0.6666666666666666
way/142032984,Côte Brasserie,50.82407,-0.1383365,amenity,restaurant,food,french,Church Street,115-116,https://www.cote.co.uk/restaurant/brighton,,north_laine,3,0.6666666666666666,0.0,0.347298522790273,0.6666666666666666,0.3630828114126653,0.375
way/142056477,Pavilion Gardens Cafe,50.8230595,-0.1393639,amenity,cafe,cafe,,Pavilion Buildings,,https://www.paviliongardenscafe.co.uk/,,the_lanes,4,0.75,0.25,0.49980244040489197,0.5,0.32274027681125805,0.4444444444444444
way/166601667,The Hope and Ruin,50.8248036,-0.1431328,amenity,pub,nightlife,,Queen's Road,11-12,https://www.hope.pub/,,north_laine,6,0.5,0.16666666666666666,0.3167653878529867,0.33333333333333337,0.2640602264819384,0.5454545454545454
way/168555150,Royal Albion Hotel,50.8197234,-0.1374178,tourism,hotel,accommodation,,Old Steine,35,https://www.britanniahotels.com/hotels/the-royal-albion-hotel-brighton,,the_lanes,4,0.25,0.5,-0.004710108041763278,-0.25,-0.010593056522075305,0.4444444444444444
way/184452021,Tesco Express,50.8263498,-0.1614771,shop,convenience,shopping,,Western Road,83,https://www.tesco.com/store-locator/hove/83-western-rd,Mo-Su 07:00-23:00,hove,6,0.5,0.3333333333333333,0.029047479232152302,0.16666666666666669,0.17315113557284748,0.5454545454545454
way/184452208,Tesco,50.8288718,-0.1760649,shop,supermarket,shopping,,Church Road,165-169,https://www.tesco.com/store-locator/hove/church-rd,Mo-Sa 08:00-22:00; Su 10:00-16:00,hove,7,0.42857142857142855,0.5714285714285714,-0.1426259790148054,-0.14285714285714285,-0.007944792391556479,0.5833333333333334
way/228842967,A&O Hostel Brighton,50.8201772,-0.1380532,tourism,hostel,accommodation,,Old Steine,41-42,https://www.aohostels.com/en/brighton/brighton-palace-pier/,,the_lanes,7,0.5714285714285714,0.14285714285714285,0.6868837220328194,0.42857142857142855,0.3253885409417769,0.5833333333333334
way/232461283,Brighton Toy and Model Museum,50.8287064,-0.1409458,tourism,museum,culture,,Trafalgar Street,52-55,https://www.brightontoymuseum.co.uk/,,north_laine,5,0.2,0.2,-0.19288352727890012,0.0,0.09046624913013222,0.5
way/234321326,The Hanbury,50.8177788,-0.1189007,amenity,nightclub,nightlife,,St Georges Road,83,,,kemptown,4,0.25,0.25,0.4717092663049698,0.0,0.1005180545890358,0.4444444444444444
way/235128342,Queens Hotel,50.819715,-0.1395733,tourism,hotel,accommodation,,Kings Road,1-5,,,the_lanes,3,0.3333333333333333,0.3333333333333333,-0.32309206326802575,0.0,0.11308281141266528,0.375
way/236686769,Martletts,50.8371094,-0.1866008,shop,charity,shopping,,,,,,hove,3,0.3333333333333333,0.3333333333333333,0.30671046177546185,0.0,0.11308281141266528,0.375
way/236756728,Hove Park Tavern,50.838712,-0.1780919,amenity,pub,nightlife,,Old Shoreham Road,156,,,hove,6,0.16666666666666666,0.6666666666666666,-0.664400448401769,-0.5,-0.19048522806351614,0.5454545454545454
way/236761964,Princes Marine Hotel,50.8260386,-0.181904,tourism,hotel,accommodation,,Kingsway,153,https://www.bestwestern.co.uk/hotels/best-western-princes-marine-hotel-83740,,seafront,19,0.42105263157894735,0.10526315789473684,0.17352392485267237,0.3157894736842105,0.2876942704708884,0.7916666666666666
way/236763154,King Alfred Leisure Centre,50.8249641,-0.1788934,leisure,sports_centre,outdoor,,Kingsway,,https://www.freedom-leisure.co.uk/centres/king-alfred-leisure-centre/,,seafront,30,0.4,0.4,0.19321896036465966,0.0,0.02584749975146635,0.8571428571428571
way/237087421,Hove Museum,50.8297057,-0.1811783,tourism,museum,culture,,,,,"Mo,Th-Sa 10:00-17:00; Su 13:00-16:00",hove,8,0.375,0.375,-0.24710611253976816,0.0,0.06958942240779402,0.6153846153846154
way/237087729,The Royal George,50.8286281,-0.1742051,amenity,pub,nightlife,,George Street,98/101,,,hove,6,0.3333333333333333,0.16666666666666666,-0.2507203121980031,0.16666666666666666,0.17315113557284748,0.5454545454545454
way/237087932,The Co-operative Food,50.8308906,-0.1738785,shop,supermarket,shopping,,Blatchington Road,76-82,https://www.coop.co.uk/store-finder/BN3-3YH/76-82-blatchington-road,Mo-Sa 06:00-23:00; Su 10:00-16:00,hove,7,0.42857142857142855,0.2857142857142857,0.155153717313494,0.14285714285714285,0.1587218742751102,0.5833333333333334
way/239056222,The Lawns Cafe,50.8235306,-0.1660081,amenity,cafe,cafe,,,,,,seafront,30,0.5333333333333333,0.16666666666666666,0.32113466461499535,0.3666666666666667,0.3401332140371806,0.8571428571428571
way/239758391,Grand Central,50.8286564,-0.1419676,amenity,pub,nightlife,,Surrey Street,29-30,https://www.grandcentralbrighton.co.uk/,12:00-23:00,north_laine,3,1.0,0.0,0.998521625995636,1.0,0.4880828114126653,0.375
way/242079697,Wilsons Newsagents,50.8322146,-0.1601694,shop,convenience,shopping,,Cromwell Road,69,,,hove,4,0.0,0.5,-0.11181265115737918,-0.5,-0.12170416763318641,0.4444444444444444
way/242083630,Sussex Yeoman,50.8287202,-0.1426741,amenity,pub,nightlife,,Guildford Road,7,https://www.thesussexyeoman.com/,,north_laine,8,0.75,0.25,0.4994782209396363,0.5,0.37728173010010174,0.6153846153846154
way/242083631,Battle of Trafalgar,50.8289192,-0.1424412,amenity,pub,nightlife,,Guildford Road,34,,,north_laine,5,0.4,0.0,-0.16575585603713988,0.4,0.29046624913013225,0.5
way/242185753,The Old Ship Hotel,50.8203965,-0.1420183,tourism,hotel,accommodation,,Kings Road,31-38,,,the_lanes,3,0.3333333333333333,0.6666666666666666,-0.3325674931208293,-0.3333333333333333,-0.011917188587334718,0.375
way/242200808,The Star & Garter,50.8200425,-0.1400072,amenity,pub,nightlife,,Kings Road,16 - 17,https://www.starandgarterbrighton.com/,,the_lanes,8,0.25,0.375,0.1838981658220291,-0.125,-0.007333654515282903,0.6153846153846154
way/275192436,Kipp's Hostel,50.8232955,-0.1360072,tourism,hostel,accommodation,,Grand Parade,75-76,http://www.kipps-brighton.com/,,the_lanes,6,0.6666666666666666,0.16666666666666666,0.6042841076850891,0.5,0.3549693173910293,0.5454545454545454
way/288535230,Small Batch Coffee,50.827523,-0.166323,amenity,cafe,cafe,coffee_shop,Church Road,67C,,,hove,5,0.4,0.2,0.2569118976593018,0.2,0.19046624913013224,0.5
way/296346959,Tesco Express,50.8344078,-0.1691438,shop,convenience,shopping,,Denmark Villas,84-86,https://www.tesco.com/store-locator/hove/84-86-denmark-villas,Mo-Su 06:00-23:00,hove,4,0.75,0.0,0.5041146874427795,0.75,0.43385138792236916,0.4444444444444444
way/338139685,Royal Pavilion,50.8223927,-0.1376249,tourism,attraction,culture,,Pavilion Buildings,4-5,,,the_lanes,4,0.25,0.75,-0.4984984993934632,-0.5,-0.12170416763318641,0.4444444444444444
way/430540312,Chalk,50.8198926,-0.1384526,amenity,nightclub,nightlife,,Pool Valley,13,,,the_lanes,5,0.6,0.4,0.20010757446289062,0.19999999999999996,0.1904662491301322,0.5
way/430540313,Lola Lo,50.8198374,-0.1389383,amenity,nightclub,nightlife,,East Street,77,,,the_lanes,6,0.8333333333333334,0.16666666666666666,0.6667064130306244,0.6666666666666667,0.4458784083001202,0.5454545454545454
way/497022471,Hove Lawns,50.8234832,-0.1646434,leisure,park,outdoor,,,,,,seafront,33,0.36363636363636365,0.30303030303030304,-0.06723968549208205,0.06060606060606061,0.07643848661319269,0.868421052631579
way/629223328,Ibis Brighton City Centre,50.8277167,-0.1413597,tourism,hotel,accommodation,,Queen's Road,88-92,,,north_laine,8,0.25,0.5,-0.23312584310770035,-0.25,-0.08425673143835982,0.6153846153846154
way/678861250,Sportsdirect Fitness Hove,50.8336022,-0.1917607,leisure,sports_centre,outdoor,,,,,,hove,3,0.3333333333333333,0.0,0.9934695760409037,0.3333333333333333,0.2380828114126653,0.375
way/685624505,Hursts,50.8348919,-0.1699688,shop,convenience,shopping,,Denmark Villas,,,,hove,5,0.6,0.0,0.9590993285179138,0.6,0.3904662491301322,0.5
way/849357708,The Hop 50+,50.8266876,-0.1649726,amenity,cafe,cafe,,,,https://impact-initiatives.org.uk/services/adults-and-older-people/hop50/,,hove,5,0.2,0.4,-0.2256823182106018,-0.2,-0.009533750869867774,0.5
way/903916320,Beach Bar,50.8166708,-0.121341,amenity,cafe,cafe,,Madeira Drive,,,,kemptown,4,0.25,0.25,-0.4846964329481125,0.0,0.1005180545890358,0.4444444444444444
way/904480523,Concorde 2,50.8172785,-0.1225314,amenity,bar,nightlife,,Madeira Drive,,,,kemptown,6,0.16666666666666666,0.5,-0.3553351163864136,-0.33333333333333337,-0.09957613715442525,0.5454545454545454
way/929327127,Wish Park Cafe,50.8298362,-0.1943433,amenity,cafe,cafe,,Wish Road,,,,hove,3,0.3333333333333333,0.3333333333333333,-0.3297904133796692,0.0,0.11308281141266528,0.375
way/934674693,Marrocco's,50.8244347,-0.1760295,amenity,restaurant,food,italian;ice_cream;seafood,King's Esplanade,8,https://www.marroccos.co.uk/,08:00-22:00,seafront,22,0.4090909090909091,0.36363636363636365,0.08957207744771783,0.04545454545454547,0.07054305523338232,0.8148148148148148
way/934674695,Cookbookbake,50.8250091,-0.1756677,shop,books,shopping,,Victoria Terrace,7,http://www.cookbookbake.co.uk/,,seafront,24,0.375,0.25,-0.006856948137283339,0.125,0.13464353418280423,0.8275862068965517
way/934674697,Sugardough,50.8249874,-0.1754989,shop,bakery,cafe,,Victoria Terrace,5,https://sugardough.co.uk/,,seafront,28,0.42857142857142855,0.25,0.14016282771314895,0.17857142857142855,0.17892916640307036,0.8484848484848485
way/934674698,Franco's Osteria,50.8249765,-0.175414,shop,deli,food,,Victoria Terrace,4,,,seafront,31,0.3870967741935484,0.25806451612903225,0.20756886466856925,0.12903225806451613,0.13624062475837007,0.8611111111111112
way/934674702,Capri Ices,50.8249348,-0.1750872,amenity,ice_cream,cafe,,Victoria Terrace,1A,,,seafront,34,0.4411764705882353,0.14705882352941177,0.18016862869262695,0.2941176470588235,0.2796067305461877,0.8717948717948718
way/934674704,Fit State Training,50.8250012,-0.1758454,leisure,fitness_centre,outdoor,,Victoria Terrace,9,http://fitstatetraining.com/,,seafront,33,0.3939393939393939,0.2727272727272727,0.039119431466767295,0.12121212121212122,0.1290700655605611,0.868421052631579
way/934674706,The Neptune,50.8249954,-0.1759578,amenity,pub,nightlife,,Victoria Terrace,10,https://theneptunelivemusicbar.co.uk/,,seafront,30,0.4666666666666667,0.26666666666666666,0.18601799607276914,0.2,0.1972760711800378,0.8571428571428571
way/936946162,Kingsway Hotel,50.8256349,-0.1779897,tourism,hotel,accommodation,,St Aubyns,2,,,seafront,32,0.5,0.21875,0.29161257669329643,0.28125,0.26769358084598166,0.8648648648648649
way/936946174,The Sussex,50.8254503,-0.1762254,amenity,pub,nightlife,,St Catherines Terrace,17,https://www.emberinns.co.uk/nationalsearch/southeast/the-sussex-hove/,,seafront,30,0.4666666666666667,0.2,0.15573843121528627,0.26666666666666666,0.2544189283228949,0.8571428571428571
way/974380172,Co-op Food,50.8389428,-0.187623,shop,supermarket,shopping,,,,https://stores.southern.coop/east-sussex/hove/old-shoreham-road.html,Mo-Su 06:30-22:00,hove,9,0.4444444444444444,0.4444444444444444,-0.10850807030995686,0.0,0.06461874937866588,0.6428571428571429
way/1018829901,The Old Rec Café,50.8378919,-0.1660599,amenity,cafe,cafe,coffee_shop,,,,,hove,5,0.6,0.0,0.5930108428001404,0.6,0.3904662491301322,0.5
way/1102280728,Upper Gardner Street Saturday Market,50.8263577,-0.1391971,amenity,marketplace,shopping,,Upper Gardner Street,,,Sa 07:00-17:00,north_laine,5,0.0,0.8,-0.9082903385162353,-0.8,-0.3095337508698678,0.5
way/1156572631,Upside Down House,50.8215296,-0.1521158,tourism,attraction,culture,,Kings Road Arches,42-43,,,seafront,30,0.3333333333333333,0.4,-0.2717311501502991,-0.06666666666666671,-0.031295357391390825,0.8571428571428571
way/1156572632,Upside Down House ticket office,50.8215953,-0.1521393,tourism,attraction,culture,,,,,,seafront,22,0.22727272727272727,0.45454545454545453,-0.21066014604134994,-0.22727272727272727,-0.1516791669888399,0.8148148148148148
way/1162253409,Brighton Pier Clock Tower,50.8191075,-0.1364726,tourism,attraction,culture,,,,,24/7,the_lanes,8,0.625,0.0,0.5020252466201782,0.625,0.45420480702317867,0.6153846153846154
way/1166242921,The Courtlands,50.8288335,-0.167628,tourism,hotel,accommodation,,The Drive,19 - 27,,,hove,3,0.6666666666666666,0.0,0.8589939872423807,0.6666666666666666,0.3630828114126653,0.375
way/1175124595,Waggon and Horses,50.8241565,-0.1388332,amenity,pub,nightlife,,Church Street,109,,,north_laine,7,0.5714285714285714,0.14285714285714285,0.7053855316979545,0.42857142857142855,0.3253885409417769,0.5833333333333334
way/1184809810,The Pipeline,50.8201708,-0.1395699,amenity,pub,nightlife,burger,Little East Street,6,http://www.northernlightsbrighton.co.uk/,,the_lanes,3,0.0,0.6666666666666666,-0.995567798614502,-0.6666666666666666,-0.1369171885873347,0.375
way/1184809819,Momma Cherri's Big House,50.8203226,-0.1395369,amenity,restaurant,food,soul,Little East Street,2-3,,,the_lanes,5,0.6,0.2,0.5949833512306213,0.39999999999999997,0.2904662491301322,0.5
way/1198133339,Sea Lanes,50.8169257,-0.1237821,leisure,sports_centre,outdoor,,Madeira Drive,300,,,kemptown,4,0.5,0.25,0.49432608485221863,0.25,0.21162916570014692,0.4444444444444444
way/1275319647,Powerwatts Brighton,50.823182,-0.1331839,amenity,cafe,cafe,coffee_shop;bike_retail;bike_fit;bike_sales;training_centre;training_studio;physio,Neptune building,3,https://www.powerwatts.bike/,,kemptown,6,0.16666666666666666,0.3333333333333333,-0.32035329937934875,-0.16666666666666666,-0.00866704624533434,0.5454545454545454
way/1280888426,New Steine,50.8201588,-0.1320369,tourism,hotel,accommodation,,New Steine,10-11,https://www.newsteinehotel.com/,,kemptown,6,0.6666666666666666,0.16666666666666666,0.6642522116502126,0.5,0.3549693173910293,0.5454545454545454
way/1280924387,Drakes,50.8194374,-0.1312862,tourism,hotel,accommodation,,Marine Parade,43-44,,,kemptown,6,0.16666666666666666,0.6666666666666666,-0.6612842182318369,-0.5,-0.19048522806351614,0.5454545454545454
way/1280924388,Drakes,50.8194502,-0.1313846,tourism,hotel,accommodation,,Marine Parade,43-44,,,kemptown,4,0.25,0.25,0.06327751278877256,0.0,0.1005180545890358,0.4444444444444444
way/1280924389,Drakes,50.8194721,-0.1315531,tourism,hotel,accommodation,,Marine Parade,43-44,,,kemptown,6,0.6666666666666666,0.0,0.33739379048347473,0.6666666666666666,0.4458784083001202,0.5454545454545454
way/1364997094,Hove Plinth,50.8237689,-0.1694789,tourism,artwork,culture,,,,https://hoveplinth.org.uk/,,seafront,27,0.4074074074074074,0.2222222222222222,0.18946495321061876,0.18518518518518517,0.18452070285316632,0.84375
way/1379258825,Oeuf,50.8258477,-0.1709225,amenity,restaurant,food,burger;coffee_shop;sandwich;breakfast;tea;juice,Third Avenue,8,https://oeuf.cafe,Mo-Su 09:00-16:00,hove,7,0.42857142857142855,0.14285714285714285,0.42213147027151926,0.2857142857142857,0.24205520760844354,0.5833333333333334
way/1389921600,Orang Utangs Mural,50.8222457,-0.1429719,tourism,artwork,culture,,,,,,the_lanes,8,0.5,0.125,0.30891108512878424,0.375,0.3003586531770248,0.6153846153846154
way/1480258446,George Cox Memorial Garden,50.8319435,-0.1640835,leisure,garden,outdoor,,,,,,hove,4,0.5,0.25,0.49334870278835297,0.25,0.21162916570014692,0.4444444444444444
relation/6168019,Volks Electric Railway,50.8167067,-0.1218818,tourism,attraction,culture,,,,https://volksrailway.org.uk/,,kemptown,3,0.6666666666666666,0.3333333333333333,0.3329182863235474,0.3333333333333333,0.2380828114126653,0.375
relation/7186637,The Brighton Dome,50.8235277,-0.1384029,amenity,theatre,culture,,Church Street,,https://brightondome.org/,,the_lanes,5,0.6,0.4,0.19989252090454102,0.19999999999999996,0.1904662491301322,0.5
relation/11954703,The Golden Spiral,50.8211295,-0.1497585,tourism,artwork,culture,,,,https://www.westpier.co.uk/the-golden-spiral/,,seafront,23,0.4782608695652174,0.21739130434782608,0.3762242457141047,0.26086956521739135,0.24659508897504726,0.8214285714285714
relation/16264361,Brighthelm Gardens,50.825313,-0.1423251,leisure,park,outdoor,,,,,,north_laine,3,0.6666666666666666,0.3333333333333333,0.332752505938212,0.3333333333333333,0.2380828114126653,0.375
relation/19476310,Twins,50.8236294,-0.1455442,tourism,artwork,culture,,,,,,the_lanes,9,0.3333333333333333,0.3333333333333333,-0.3288290500640869,0.0,0.06461874937866588,0.6428571428571429
